,loan_id,status,date_month,date_year,amount,duration,payments,frequency,account_age,nr_movements,min_amount,avg_amount,max_amount,range_amount,min_balance,avg_balance,max_balance,range_balance,amount_month,can_pay,credits,withdrawals,members,owner_age,gender,region,inhabitants,municipalities_499,municipalities_1999,municipalities_9999,municipalities_max,cities,ratio_urban_inhabitants,average_salary,unemployment_rate_95,unemployment_rate_96,number_enterpreneurs,number_credit_cards,balance_last,amount_last,op_0,op_1,op_2,op_3,op_4
0,4959,1,01,1994,80952.0,24,3373.0,2,313.0,54,13.5,7954.257407407405,30354.0,30340.5,1100.0,32590.624074074076,67529.6,66429.6,41837.3279220779,1,22,32,2,49.0,0,0,1204953,0,0,0,1,1,100.0,12541,0.29,0.43,167,0,27840.6,14.6,10,0,2,5,27
1,4961,-1,04,1996,30276.0,12,2523.0,2,388.0,80,14.6,5856.299999999997,22708.0,22693.4,715.0,25197.092499999995,58157.5,57442.5,38089.75609756095,1,46,34,1,57.0,1,2,103347,87,16,7,1,7,67.0,9104,1.51,2.07,123,0,15854.0,15139.0,13,0,9,0,34
2,4973,1,05,1996,165960.0,24,6915.0,2,561.0,125,14.6,12822.353600000013,62235.0,62220.4,700.0,52523.244800000015,107069.6,106369.6,86017.57781753139,1,37,88,1,52.0,1,2,93931,74,21,10,1,8,56.9,8427,1.12,1.54,107,0,23689.2,14.6,18,0,1,28,60
3,4996,1,11,1996,88440.0,12,7370.0,0,179.0,31,100.0,14850.767741935484,47976.0,47876.0,200.0,62778.09032258065,103239.0,103039.0,79833.60693641618,1,16,15,2,51.0,1,4,128118,9,16,6,3,8,85.3,9317,6.49,7.07,97,0,78907.6,100.0,0,0,10,0,15
4,5002,1,05,1994,104808.0,12,8734.0,2,186.0,30,14.6,6642.553333333334,25970.0,25955.4,500.0,38709.83,57865.3,57365.3,33212.76666666667,1,12,18,2,54.0,0,6,125832,151,41,2,3,5,48.3,8512,3.51,4.12,102,0,28015.4,3900.0,0,0,7,8,10
5,5032,1,11,1994,123696.0,48,2577.0,2,336.0,61,14.6,8953.219672131145,48476.0,48461.4,300.0,49084.38196721313,89822.2,89522.2,49202.37837837836,1,22,39,1,54.0,0,6,124605,11,42,14,1,8,46.0,8772,4.69,4.98,126,0,25187.2,14.6,0,0,12,12,27
6,5044,1,12,1994,100980.0,60,1683.0,2,385.0,70,14.6,5261.048571428569,22900.0,22885.4,600.0,35614.7442857143,53376.7,52776.7,29540.647058823513,1,27,43,1,29.0,0,6,387570,0,0,0,1,1,100.0,9897,1.6,1.96,140,0,48637.7,4739.0,0,0,15,9,34
7,5045,-1,05,1995,187224.0,24,7801.0,2,504.0,88,0.2,10834.715909090908,51900.0,51899.8,-243.3,42084.31136363635,92571.3,92814.6,56866.103379721666,1,38,50,1,48.0,0,0,1204953,0,0,0,1,1,100.0,12541,0.29,0.43,167,0,50832.1,14.6,0,0,21,0,50
8,5060,-1,07,1994,252060.0,60,4201.0,2,232.0,61,8.2,11625.12295081967,49937.0,49928.8,900.0,57340.50819672133,106259.6,105359.6,93717.95154185021,1,26,35,1,29.0,1,6,110643,49,41,4,1,4,51.9,8441,3.45,4.48,115,0,70096.5,13990.0,0,0,19,10,25
9,5082,1,10,1996,262980.0,60,4383.0,2,369.0,56,14.6,7310.239285714281,44022.0,44007.4,900.0,41729.61607142859,78574.3,77674.3,34019.95013850414,1,24,32,1,31.0,1,1,53921,61,22,1,1,2,41.3,8598,2.77,3.26,123,0,76081.3,43444.0,0,0,13,0,32
10,5088,1,08,1996,91152.0,24,3798.0,2,465.0,77,14.6,9452.94415584415,34184.0,34169.4,400.0,44829.544155844145,72327.7,71927.7,47264.720779220756,1,31,46,1,54.0,0,4,105058,32,19,7,2,10,81.0,9272,2.8,3.22,118,1,39378.8,3800.0,15,1,2,0,45
11,5125,1,11,1995,73056.0,48,1522.0,2,290.0,51,14.6,2445.3274509803928,8538.0,8523.4,500.0,23255.149019607838,33555.4,33055.4,13409.860215053764,1,23,28,2,25.0,0,4,119895,17,4,3,2,4,89.9,10446,7.34,9.4,90,0,21545.7,5692.0,0,0,14,10,18
12,5126,-1,07,1994,208128.0,48,4336.0,2,439.0,64,14.6,9442.159374999994,47493.0,47478.4,-1069.7,36369.975000000006,96064.0,97133.7,41580.151376146765,1,29,35,1,43.0,0,6,387570,0,0,0,1,1,100.0,9897,1.6,1.96,140,0,81474.6,38929.0,0,0,16,0,35
13,5128,-1,04,1996,215616.0,48,4492.0,2,303.0,61,6.8,5273.670491803279,23130.0,23123.2,-3424.6,21447.62459016394,50124.8,53549.4,32169.390000000003,1,30,31,1,39.0,0,7,42821,4,13,5,1,3,48.4,8173,?,7.01,124,0,8640.6,3400.0,0,0,12,0,31
14,5130,1,05,1994,24312.0,12,2026.0,2,455.0,78,14.6,4949.474358974356,24322.0,24307.4,1100.0,29380.839743589757,48277.9,47177.9,25737.266666666652,1,37,41,1,38.0,1,2,93931,74,21,10,1,8,56.9,8427,1.12,1.54,107,0,28461.9,6600.0,15,0,7,0,41
15,5131,1,01,1995,48624.0,24,2026.0,2,521.0,117,14.6,12180.788034188035,52900.0,52885.4,200.0,63857.23675213676,134187.4,133987.4,82220.31923076925,1,49,68,1,33.0,0,4,128118,9,16,6,3,8,85.3,9317,6.49,7.07,97,0,47993.6,4514.0,0,0,32,12,56
16,5132,1,02,1995,538500.0,60,8975.0,2,336.0,58,14.6,8499.934482758617,32082.0,32067.4,200.0,33687.85862068965,69775.9,69575.9,44414.07207207206,1,22,36,1,35.0,0,1,95616,65,30,4,1,6,51.4,9307,3.85,4.43,118,0,23271.0,4605.0,0,0,12,7,29
17,5136,1,07,1996,187104.0,24,7796.0,2,141.0,25,2.5,19621.447999999997,49500.0,49497.5,300.0,66292.37199999999,137193.5,136893.5,109821.53731343281,1,16,9,1,19.0,1,7,226122,32,50,7,4,4,62.6,8994,3.8,4.79,110,0,133377.7,43502.0,0,0,12,0,9
18,5138,1,05,1995,87216.0,48,1817.0,2,616.0,148,14.6,2960.69797297297,15608.0,15593.4,700.0,30847.149324324342,43787.3,43087.3,21909.16499999998,1,41,107,1,41.0,1,0,1204953,0,0,0,1,1,100.0,12541,0.29,0.43,167,0,26795.3,2843.0,0,0,22,47,60
19,5145,1,09,1995,309552.0,48,6449.0,2,241.0,35,14.6,17429.002857142852,58041.0,58026.4,700.0,56105.49999999998,121713.2,121013.2,76251.88749999998,1,16,19,1,61.0,0,7,226122,32,50,7,4,4,62.6,8994,3.8,4.79,110,0,51799.4,16300.0,8,0,1,4,15
20,5148,1,05,1996,284280.0,60,4738.0,2,561.0,94,14.6,14790.499999999995,56800.0,56785.4,300.0,64182.64148936171,109361.9,109061.9,76671.34191176468,1,36,58,2,38.0,1,4,114006,71,26,6,2,9,62.3,9065,4.46,5.39,123,0,94617.3,4600.0,18,0,1,0,58
21,5151,1,05,1995,189060.0,60,3151.0,0,203.0,30,100.0,17833.45,60016.0,59916.0,200.0,72242.8966666667,101793.6,101593.6,82308.23076923077,1,14,16,1,36.0,1,1,149893,63,29,6,2,6,67.4,9753,4.64,5.05,109,0,68945.6,3400.0,7,0,1,3,13
22,5160,1,12,1995,204000.0,60,3400.0,2,366.0,65,14.6,7701.987692307689,30604.0,30589.4,400.0,37809.39846153844,68172.8,67772.8,41719.099999999984,1,25,40,1,52.0,0,5,77917,85,19,6,1,5,53.5,8390,2.28,2.89,132,0,37992.7,7085.0,12,0,2,8,32
23,5161,1,10,1994,98184.0,24,4091.0,2,111.0,14,74.1,9311.157142857144,24545.0,24470.9,500.0,41660.392857142855,68956.1,68456.1,42050.387096774204,1,11,3,1,49.0,1,6,114200,101,41,4,1,4,43.7,8403,5.74,5.72,105,0,68956.1,24545.0,4,0,1,0,3
24,5170,1,01,1994,253200.0,60,4220.0,1,255.0,41,30.0,11912.358536585367,46304.0,46274.0,800.0,47302.54634146341,104417.9,103617.9,57685.83070866142,1,21,20,1,44.0,1,5,139012,59,41,8,3,10,61.9,8363,2.52,3.49,108,0,81150.6,12950.0,0,0,13,0,20
25,5176,-1,11,1994,192552.0,24,8023.0,1,440.0,51,10.2,5774.419607843137,23844.0,23833.8,800.0,23979.01176470588,49563.0,48763.0,20642.200934579436,1,26,25,1,31.0,1,2,70646,94,14,3,1,4,58.4,8547,2.65,3.64,120,0,22225.5,30.0,0,0,12,0,25
26,5189,1,02,1994,149040.0,48,3105.0,2,292.0,54,14.6,6682.029629629627,27946.0,27931.4,200.0,36845.588888888895,62441.6,62241.6,37982.06315789472,1,20,34,1,25.0,1,1,75637,35,36,9,0,7,36.5,9622,0.45,0.59,154,0,19033.5,14.6,9,0,2,5,29
27,5208,-1,03,1995,99696.0,48,2077.0,2,646.0,108,0.4,11716.779629629627,55900.0,55899.6,-974.6,46341.293518518505,127684.9,128659.5,59877.54889589904,1,45,63,1,24.0,1,6,114200,101,41,4,1,4,43.7,8403,5.74,5.72,105,0,32966.8,2000.0,0,0,31,0,63
28,5209,1,11,1996,182640.0,48,3805.0,2,242.0,40,11.5,9227.599999999999,34246.0,34234.5,600.0,37802.23,64411.8,63811.8,46137.99999999999,1,17,23,1,55.0,1,6,145688,22,41,13,2,5,40.7,8544,1.29,1.86,109,0,23898.3,900.0,8,0,2,7,16
29,5212,1,05,1995,71064.0,36,1974.0,2,403.0,86,14.6,4896.447674418602,22908.0,22893.4,700.0,34577.30232558139,55373.3,54673.3,32391.8846153846,1,29,57,1,49.0,1,4,85852,41,23,4,2,4,59.8,8965,7.08,8.23,104,0,31397.0,3000.0,0,0,17,18,39
30,5237,1,08,1995,45336.0,24,1889.0,2,489.0,90,14.6,7594.232222222218,30436.0,30421.4,800.0,48152.95333333335,71486.0,70686.0,42717.55624999998,1,33,57,1,38.0,0,2,51428,50,11,3,1,4,52.7,8402,3.13,3.98,120,0,39839.5,1100.0,0,0,18,12,45
31,5269,-1,11,1994,164052.0,36,4557.0,0,367.0,65,0.4,11809.263076923076,48181.0,48180.6,-2564.7,41752.161538461536,112045.6,114610.3,63966.84166666667,1,28,37,1,19.0,1,3,51313,34,12,3,1,4,59.2,8930,3.52,4.2,108,0,20811.2,10800.0,0,0,16,0,37
32,5282,-1,08,1996,388512.0,48,8094.0,0,646.0,120,2.4,7319.423333333334,44700.0,44697.6,-2838.8,21371.320000000003,84743.5,87582.3,41825.276190476194,1,54,66,1,27.0,1,7,42821,4,13,5,1,3,48.4,8173,?,7.01,124,0,38697.3,35300.0,0,0,33,0,66
33,5285,1,02,1994,78936.0,12,6578.0,2,273.0,51,14.6,3259.0000000000005,11416.0,11401.4,900.0,25900.319607843143,40560.3,39660.3,18331.875000000004,1,24,27,1,37.0,1,3,51313,34,12,3,1,4,59.2,8930,3.52,4.2,108,0,24601.0,1187.0,0,0,15,9,18
34,5301,1,07,1996,141948.0,36,3943.0,2,114.0,10,49.6,8963.980000000001,28840.0,28790.4,800.0,32592.680000000004,63263.1,62463.1,24899.94444444445,1,7,3,1,46.0,1,7,228848,15,40,18,2,6,57.2,9893,4.09,4.72,96,0,47239.7,176.6,0,0,4,0,3
35,5310,1,04,1995,248148.0,36,6893.0,2,503.0,120,14.6,5453.364999999997,28960.0,28945.4,600.0,36063.78833333336,67486.0,66886.0,39660.83636363634,1,37,83,1,55.0,1,3,72541,66,26,10,0,8,36.9,8594,1.62,2.01,112,0,41108.6,6100.0,0,0,22,33,50
36,5311,1,06,1996,30060.0,60,501.0,2,651.0,186,14.6,4858.978494623653,29412.0,29397.4,500.0,37213.40752688173,69382.9,68882.9,41776.73343605545,1,45,141,1,45.0,0,3,72541,66,26,10,0,8,36.9,8594,1.62,2.01,112,1,48523.3,29412.0,0,8,24,68,65
37,5312,1,03,1996,202788.0,36,5633.0,1,387.0,79,30.0,16141.211392405066,72298.0,72268.0,1100.0,57124.26835443036,139880.9,138780.9,99105.3652849741,1,26,53,1,43.0,1,3,51313,34,12,3,1,4,59.2,8930,3.52,4.2,108,0,81623.6,11994.0,13,0,1,9,44
38,5314,-1,07,1993,96396.0,12,8033.0,1,105.0,4,1100.0,5025.0,9900.0,8800.0,1100.0,12250.0,20100.0,19000.0,6700.0,0,4,0,1,46.0,1,3,94812,15,13,8,2,10,81.8,9650,3.38,3.67,100,0,20100.0,3300.0,0,0,4,0,0
39,5316,1,07,1993,165960.0,36,4610.0,2,148.0,37,2.9,11015.635135135135,54300.0,54297.1,700.0,52083.859459459454,120512.8,119812.8,83749.00684931508,1,17,20,1,25.0,0,5,112709,48,20,7,3,10,73.5,8369,1.79,2.31,117,0,52208.9,3419.0,0,0,12,8,12
40,5319,1,06,1994,239460.0,60,3991.0,2,274.0,46,14.6,9689.680434782606,35918.0,35903.4,300.0,40061.58043478261,74408.8,74108.8,49525.03333333332,1,18,28,1,52.0,1,7,228848,15,40,18,2,6,57.2,9893,4.09,4.72,96,0,36240.6,7400.0,9,0,1,8,20
41,5325,1,08,1993,105804.0,36,2939.0,2,185.0,25,14.6,8253.079999999998,26448.0,26433.4,1000.0,41297.48,65898.5,64898.5,34009.94505494505,1,13,12,1,53.0,1,2,177686,69,27,10,1,9,74.8,10045,1.42,1.71,135,0,34292.7,14.6,6,0,2,2,10
42,5329,1,10,1996,396120.0,60,6602.0,1,550.0,95,30.0,15418.108421052631,59415.0,59385.0,500.0,58855.27789473684,104859.1,104359.1,81073.07933579336,1,36,59,1,47.0,1,2,51428,50,11,3,1,4,52.7,8402,3.13,3.98,120,0,88610.1,39610.0,18,0,1,0,59
43,5337,1,07,1996,162468.0,36,4513.0,2,148.0,15,70.9,15082.586666666666,40614.0,40543.1,700.0,51279.553333333344,83862.8,83162.8,51031.30827067669,1,10,5,2,39.0,1,4,105058,32,19,7,2,10,81.0,9272,2.8,3.22,118,0,74638.8,1800.0,5,0,1,0,5
44,5350,1,04,1996,249312.0,48,5194.0,1,433.0,60,30.0,9995.911666666665,47112.0,47082.0,900.0,35914.85499999998,88597.4,87697.4,41843.35116279069,1,30,30,1,41.0,0,3,170449,0,0,0,1,1,100.0,10787,2.64,3.09,131,0,55426.5,5300.0,0,0,17,6,24
45,5351,1,12,1994,205200.0,36,5700.0,1,541.0,129,30.0,9244.202325581391,51303.0,51273.0,900.0,58336.311627907,93928.5,93028.5,66250.11666666664,1,36,93,1,32.0,1,0,1204953,0,0,0,1,1,100.0,12541,0.29,0.43,167,0,54586.0,12400.0,17,0,2,39,54
46,5352,-1,04,1995,68400.0,12,5700.0,2,167.0,14,66.2,7253.299999999998,31037.0,30970.8,800.0,31793.735714285718,51242.2,50442.2,20042.013157894733,1,9,5,1,19.0,1,7,228848,15,40,18,2,6,57.2,9893,4.09,4.72,96,0,23946.1,147.7,0,0,4,0,5
47,5366,1,10,1996,86184.0,12,7182.0,2,237.0,42,14.6,16607.014285714286,64642.0,64627.4,300.0,60273.67857142857,128146.0,127846.0,88664.56779661016,1,16,26,1,56.0,1,7,285387,0,2,8,5,7,89.9,10177,6.63,7.75,81,0,39660.8,18346.0,8,0,1,6,20
48,5375,1,10,1996,101520.0,12,8460.0,2,245.0,38,14.6,5370.042105263158,18513.0,18498.4,400.0,26449.092105263153,43218.7,42818.7,25296.892561983474,1,18,20,1,20.0,1,0,1204953,0,0,0,1,1,100.0,12541,0.29,0.43,167,0,16720.8,14.6,0,0,10,4,16
49,5385,1,09,1996,71460.0,36,1985.0,2,240.0,31,14.6,10132.91935483871,33669.0,33654.4,700.0,49220.980645161304,76403.1,75703.1,40794.87012987013,1,16,15,2,16.0,1,0,1204953,0,0,0,1,1,100.0,12541,0.29,0.43,167,0,49648.9,14.6,0,0,9,3,12
50,5388,1,11,1996,61560.0,12,5130.0,1,326.0,71,30.0,9739.397183098588,46166.0,46136.0,200.0,32967.71267605635,73559.9,73359.9,66703.90996784564,1,22,49,1,54.0,0,3,51313,34,12,3,1,4,59.2,8930,3.52,4.2,108,0,20051.1,10303.0,11,0,1,20,29
51,5390,1,10,1994,170256.0,24,7094.0,2,448.0,77,14.6,9089.424675324672,36552.0,36537.4,200.0,40091.18311688309,79869.8,79669.8,47183.30561797751,1,31,46,1,29.0,1,2,93931,74,21,10,1,8,56.9,8427,1.12,1.54,107,0,43302.8,3720.0,0,0,18,10,36
52,5395,-1,07,1994,299088.0,36,8308.0,2,419.0,126,14.6,12746.586507936518,59400.0,59385.4,500.0,51992.85476190479,193909.9,193409.9,116946.83737864088,1,46,80,1,28.0,1,7,106054,38,25,6,2,6,63.1,8110,5.77,6.55,109,0,19448.5,14198.0,0,0,33,24,56
53,5409,1,11,1995,182040.0,60,3034.0,2,362.0,59,14.6,17539.79661016949,61557.0,61542.4,600.0,67475.90169491527,110447.5,109847.5,85998.4487534626,1,24,35,2,45.0,1,2,51428,50,11,3,1,4,52.7,8402,3.13,3.98,120,0,38747.5,3000.0,12,0,1,0,35
54,5413,1,12,1995,92976.0,24,3874.0,1,569.0,109,30.0,12039.466972477068,48996.0,48966.0,300.0,50436.46605504589,122342.1,122042.1,69311.72007042255,1,50,59,2,25.0,1,3,51313,34,12,3,1,4,59.2,8930,3.52,4.2,108,0,21531.8,13386.0,0,0,34,11,48
55,5414,1,03,1995,185952.0,48,3874.0,2,375.0,34,68.7,12283.385294117648,57400.0,57331.3,700.0,50113.19411764704,145318.2,144618.2,33771.03234501348,1,20,14,1,50.0,0,4,125236,28,11,1,4,5,87.7,9675,6.43,7.68,100,0,82385.2,35092.0,0,0,10,1,13
56,5415,-1,09,1996,139464.0,36,3874.0,2,396.0,31,20.2,8131.070967741935,36854.0,36833.8,300.0,31532.74838709678,65062.8,64762.8,19389.476923076923,1,19,12,1,38.0,0,7,182027,17,49,12,2,7,56.4,8746,3.33,3.74,90,0,65062.8,9125.0,0,0,7,0,12
57,5418,1,01,1995,347952.0,48,7249.0,2,657.0,120,14.6,13441.428333333342,54600.0,54585.4,300.0,54157.19416666664,123013.2,122713.2,73989.51376146794,1,50,70,1,30.0,1,3,45714,52,10,5,1,6,55.6,8843,2.82,3.6,113,0,57546.3,5800.0,0,0,31,0,70
58,5429,1,07,1996,20196.0,36,561.0,2,523.0,96,14.6,8501.322916666666,35469.0,35454.4,200.0,52636.59895833334,77158.8,76958.8,47266.04247104247,1,34,62,1,25.0,0,0,1204953,0,0,0,1,1,100.0,12541,0.29,0.43,167,0,65684.6,5742.0,0,0,18,13,49
59,5445,1,06,1996,46320.0,24,1930.0,2,544.0,178,14.6,8064.270224719097,61600.0,61585.4,900.0,43657.813483146136,119892.5,118992.5,79746.67222222219,1,48,130,1,17.0,0,4,133777,24,17,7,3,11,84.7,8705,5.75,7.61,116,0,26652.7,11352.0,0,0,31,64,66
60,5449,1,11,1995,99336.0,24,4139.0,2,330.0,52,14.6,4348.373076923078,16866.0,16851.4,300.0,27019.571153846155,46568.0,46268.0,20808.165644171782,1,24,28,1,15.0,1,7,228848,15,40,18,2,6,57.2,9893,4.09,4.72,96,0,30824.1,14.6,0,0,14,6,22
61,5450,1,12,1994,199680.0,60,3328.0,2,412.0,74,14.6,7353.527027027024,29954.0,29939.4,500.0,33658.617567567584,62238.8,61738.8,40710.2992518703,1,28,46,1,46.0,0,5,139012,59,41,8,3,10,61.9,8363,2.52,3.49,108,0,19924.0,14.6,13,0,2,9,37
62,5452,1,04,1996,49440.0,60,824.0,2,464.0,110,4.0,5547.669999999996,30378.0,30374.0,300.0,47798.86545454544,74419.8,74119.8,40682.91333333331,1,31,79,1,30.0,1,7,285387,0,2,8,5,7,89.9,10177,6.63,7.75,81,0,45021.6,8000.0,0,0,17,32,47
63,5453,1,04,1995,156672.0,36,4352.0,2,400.0,75,11.2,3313.364,10380.0,10368.8,500.0,22927.502666666667,41876.9,41376.9,18684.38345864662,1,37,38,1,39.0,1,3,72541,66,26,10,0,8,36.9,8594,1.62,2.01,112,0,23271.5,14.6,0,0,24,8,30
64,5464,1,01,1995,95808.0,12,7984.0,2,429.0,90,14.6,16058.694444444445,57700.0,57685.4,900.0,59701.78666666665,122452.2,121552.2,101304.84813084111,1,40,50,1,54.0,0,5,161854,73,21,6,1,6,76.3,9425,1.72,2.5,125,0,72500.4,26373.0,0,0,27,0,50
65,5470,1,04,1996,200976.0,48,4187.0,2,219.0,35,14.6,11032.88857142857,37686.0,37671.4,600.0,47938.06571428572,83553.5,82953.5,53140.059633027515,1,17,18,1,41.0,0,6,114200,101,41,4,1,4,43.7,8403,5.74,5.72,105,0,47431.4,25124.0,8,0,2,3,15
66,5479,1,01,1994,24516.0,12,2043.0,2,317.0,73,12.5,16201.558904109586,59200.0,59187.5,200.0,55582.226027397286,125254.2,125054.2,115574.63843648207,1,31,42,1,35.0,0,0,1204953,0,0,0,1,1,100.0,12541,0.29,0.43,167,0,78656.2,14.6,0,0,21,0,42
67,5482,1,01,1996,165120.0,60,2752.0,2,601.0,116,14.6,3217.270689655171,11210.0,11195.4,1100.0,24377.371551724125,37946.3,36846.3,18660.16999999999,1,50,66,2,46.0,1,5,121947,37,28,7,3,11,70.5,8541,2.51,2.97,131,0,22745.4,1080.0,0,0,31,15,51
68,5494,1,06,1996,360000.0,48,7500.0,0,578.0,136,0.3,14897.40220588235,73228.0,73227.7,600.0,51149.6551470588,126072.0,125472.0,105890.9425087108,1,57,79,1,23.0,1,6,197099,29,41,10,2,10,74.7,9624,1.6,2.31,145,0,64765.2,34500.0,19,0,2,0,79
69,5495,1,08,1996,89340.0,60,1489.0,2,267.0,44,14.6,4662.468181818182,17313.0,17298.4,500.0,39644.76363636365,54020.1,53520.1,23224.369811320754,1,20,24,2,25.0,1,6,110643,49,41,4,1,4,51.9,8441,3.45,4.48,115,0,41522.6,14.6,0,0,11,5,19
70,5519,1,03,1994,91632.0,12,7636.0,2,365.0,70,14.6,6304.105714285713,26378.0,26363.4,700.0,40976.94285714286,64577.8,63877.8,36773.94999999999,1,27,43,2,31.0,1,5,139012,59,41,8,3,10,61.9,8363,2.52,3.49,108,0,33061.9,6100.0,0,0,15,8,35
71,5523,1,12,1993,93888.0,36,2608.0,0,156.0,19,48.0,7121.915789473684,15649.0,15601.0,600.0,37510.494736842105,52378.2,51778.2,27063.28,1,12,7,1,43.0,1,6,86513,38,36,5,1,5,50.5,8288,3.79,4.52,110,0,34716.3,12000.0,5,0,2,0,7
72,5533,1,07,1994,111384.0,24,4641.0,2,472.0,152,14.6,13525.023684210537,61700.0,61685.4,500.0,65097.22434210523,141386.0,140886.0,131501.29637526663,1,55,97,1,27.0,0,1,75637,35,36,9,0,7,36.5,9622,0.45,0.59,154,0,52318.9,31759.0,0,0,39,28,69
73,5549,1,07,1994,50460.0,60,841.0,2,269.0,43,14.6,6392.972093023254,22927.5,22912.9,800.0,37570.62790697674,51971.4,51171.4,31357.16349809885,1,19,24,1,47.0,1,1,75637,35,36,9,0,7,36.5,9622,0.45,0.59,154,0,41531.0,600.0,0,0,11,5,19
74,5563,1,02,1996,380160.0,60,6336.0,2,579.0,109,14.6,15887.99357798165,62500.0,62485.4,1100.0,64777.07522935781,147375.1,146275.1,90987.28371278457,1,47,62,1,46.0,0,7,323870,0,0,0,1,1,100.0,10673,4.75,5.44,100,0,24549.6,6100.0,0,0,32,0,62
75,5568,1,05,1994,272520.0,60,4542.0,2,333.0,84,13.3,10778.345238095239,56700.0,56686.7,1100.0,44602.641666666656,121891.4,120791.4,82307.36363636363,1,34,50,2,55.0,0,1,92084,55,29,4,3,5,46.7,10124,0.56,0.54,141,0,30009.9,1300.0,0,0,23,10,40
76,5576,1,12,1994,31248.0,12,2604.0,2,570.0,120,14.6,13845.458333333341,64100.0,64085.4,1000.0,64493.09916666663,144715.3,143715.3,87598.68189806685,1,51,69,1,56.0,1,0,1204953,0,0,0,1,1,100.0,12541,0.29,0.43,167,0,53922.3,6268.0,0,0,33,0,69
77,5586,1,09,1996,48744.0,36,1354.0,2,134.0,14,53.7,11392.235714285716,28603.5,28549.8,900.0,42930.20714285715,62891.3,61991.3,36248.02272727273,1,11,3,1,32.0,1,7,148545,8,35,12,3,4,53.5,8909,4.01,5.56,113,0,62891.3,19069.0,0,0,7,0,3
78,5591,1,12,1996,155616.0,48,3242.0,2,228.0,30,14.6,9151.153333333334,29176.0,29161.4,300.0,39426.06999999999,62153.6,61853.6,36282.10572687225,1,16,14,1,37.0,1,1,92084,55,29,4,3,5,46.7,10124,0.56,0.54,141,0,24447.1,7500.0,7,0,2,0,14
79,5593,-1,04,1996,277884.0,36,7719.0,2,693.0,117,14.6,10720.307692307686,53200.0,53185.4,1000.0,46487.002564102586,129394.2,128394.2,54533.739130434755,1,46,71,1,16.0,1,5,105606,77,26,7,2,7,53.0,8254,2.79,3.76,97,0,11614.0,8000.0,0,0,26,0,71
80,5595,1,09,1994,82896.0,12,6908.0,2,482.0,126,14.6,10765.977777777787,62168.0,62153.4,900.0,57141.73095238093,107680.9,106780.9,84782.07500000007,1,34,92,2,23.0,0,5,75685,31,28,5,1,9,60.8,8208,1.89,2.26,155,1,64286.0,14.6,15,2,4,33,57
81,5599,1,03,1995,15420.0,12,1285.0,2,667.0,151,14.6,3142.184105960262,13881.0,13866.4,1000.0,24577.199999999997,41137.4,40137.4,21404.652631578927,1,53,98,1,30.0,1,0,1204953,0,0,0,1,1,100.0,12541,0.29,0.43,167,0,31867.2,800.0,0,0,32,34,64
82,5606,-1,08,1996,253512.0,36,7042.0,1,213.0,29,13.4,11379.25862068966,40419.0,40405.6,300.0,37095.84482758621,111044.2,110744.2,47142.64285714288,1,14,15,1,51.0,1,6,108871,41,29,7,2,6,62.1,8444,3.24,3.47,106,0,13318.4,8900.0,0,0,8,0,15
83,5610,1,02,1996,123216.0,48,2567.0,2,561.0,128,14.6,12136.382031249996,59200.0,59185.4,700.0,70622.83359375,138433.7,137733.7,83369.7799642218,1,48,80,2,19.0,1,4,85852,41,23,4,2,4,59.8,8965,7.08,8.23,104,0,77580.8,3400.0,0,0,30,22,58
84,5611,1,11,1996,321180.0,60,5353.0,2,233.0,38,14.6,13585.028947368419,48180.0,48165.4,700.0,40524.463157894745,90257.3,89557.3,68526.25221238937,1,17,21,2,60.0,0,2,177686,69,27,10,1,9,74.8,10045,1.42,1.71,135,0,51906.5,32120.0,8,0,2,4,17
85,5624,-1,01,1995,177744.0,48,3703.0,2,511.0,95,3.3,6726.888421052629,45056.0,45052.7,-2485.5,26746.525263157884,89733.5,92219.0,37591.43529411763,1,36,59,1,23.0,0,6,108871,41,29,7,2,6,62.1,8444,3.24,3.47,106,0,14230.7,11400.0,0,0,21,0,59
86,5625,-1,12,1996,222180.0,60,3703.0,2,382.0,59,14.6,11725.494915254236,52600.0,52585.4,800.0,55230.444067796605,130659.1,129859.1,55050.73209549071,1,28,31,1,58.0,0,3,45714,52,10,5,1,6,55.6,8843,2.82,3.6,113,0,59578.8,6900.0,0,0,16,0,31
87,5635,1,10,1996,77184.0,36,2144.0,2,573.0,77,14.6,14561.25714285715,63600.0,63585.4,200.0,50722.27012987011,142917.9,142717.9,59011.41052631582,1,36,41,1,42.0,1,0,1204953,0,0,0,1,1,100.0,12541,0.29,0.43,167,0,22446.0,600.0,0,0,20,0,41
88,5657,1,07,1994,4980.0,12,415.0,2,242.0,46,14.6,3932.5043478260886,16000.0,15985.4,800.0,30533.371739130427,41106.2,40306.2,22611.90000000001,1,19,27,1,42.0,1,6,86513,38,36,5,1,5,50.5,8288,3.79,4.52,110,0,22500.3,800.0,0,0,11,10,17
89,5693,1,08,1995,44088.0,24,1837.0,2,236.0,32,14.6,6617.940625,24304.5,24289.9,1000.0,36548.81875,55576.8,54576.8,27034.991489361702,1,17,15,1,44.0,1,1,81344,61,23,4,2,6,55.3,8899,3.39,3.97,149,0,44368.6,14.6,0,0,10,3,12
90,5706,1,05,1996,161496.0,36,4486.0,1,633.0,130,8.0,6844.426923076923,64900.0,64892.0,500.0,33219.900000000016,113865.5,113365.5,42370.26190476191,1,52,78,1,25.0,0,7,226122,32,50,7,4,4,62.6,8994,3.8,4.79,110,0,29371.5,1600.0,0,0,32,19,59
91,5713,1,05,1995,158760.0,60,2646.0,2,672.0,166,14.6,4654.0891566265045,23810.0,23795.4,900.0,24908.76144578313,59898.4,58998.4,34644.78923766815,1,55,111,1,17.0,0,5,78955,50,24,8,1,9,59.0,9060,1.78,2.44,124,0,19182.3,2900.0,22,0,12,51,60
92,5723,1,09,1994,23628.0,12,1969.0,2,547.0,110,1.7,9915.672727272724,43694.0,43692.3,1000.0,47420.84181818182,140228.7,139228.7,60595.77777777775,1,49,61,1,41.0,0,4,85852,41,23,4,2,4,59.8,8965,7.08,8.23,104,0,64096.3,35200.0,0,0,31,12,49
93,5724,-1,02,1995,316140.0,60,5269.0,2,683.0,139,14.6,3872.0683453237393,13352.0,13337.4,800.0,18632.933812949657,39616.2,38816.2,23814.933628318573,1,60,79,1,27.0,0,0,1204953,0,0,0,1,1,100.0,12541,0.29,0.43,167,0,12811.8,14.6,0,0,38,0,79
94,5725,1,07,1996,444864.0,48,9268.0,2,343.0,64,14.6,6433.176562499999,25862.0,25847.4,800.0,32404.773437500007,62903.5,62103.5,36435.690265486715,1,27,37,2,32.0,0,6,197099,29,41,10,2,10,74.7,9624,1.6,2.31,145,0,41743.9,10500.0,0,0,17,12,25
95,5739,1,01,1995,76380.0,12,6365.0,2,246.0,45,14.6,3571.5911111111127,12861.0,12846.4,1100.0,26122.848888888893,41703.3,40603.3,19760.8524590164,1,20,25,1,38.0,1,0,1204953,0,0,0,1,1,100.0,12541,0.29,0.43,167,0,23156.6,14.6,0,0,12,12,13
96,5740,1,04,1995,18564.0,12,1547.0,2,128.0,13,24.0,8589.66923076923,25603.5,25579.5,200.0,35538.04615384616,56498.4,56298.4,26587.071428571428,1,9,4,1,32.0,1,0,1204953,0,0,0,1,1,100.0,12541,0.29,0.43,167,0,43265.7,167.3,0,0,5,0,4
97,5741,1,11,1996,68544.0,24,2856.0,1,258.0,54,30.0,8948.183333333334,44342.0,44312.0,900.0,44948.62592592594,94207.7,93307.7,56847.282352941176,1,17,37,2,20.0,0,4,114006,71,26,6,2,9,62.3,9065,4.46,5.39,123,0,23729.8,30.0,8,0,1,15,22
98,5750,1,02,1996,63252.0,12,5271.0,2,672.0,164,14.6,9457.760365853666,47436.0,47421.4,13097.7,49291.82256097559,86343.2,73245.5,69347.51266766027,1,48,116,1,47.0,1,1,94725,38,28,1,3,6,63.4,9920,2.26,2.87,130,0,49709.2,31624.0,23,0,3,36,80
99,5754,1,09,1994,23052.0,12,1921.0,2,617.0,171,14.6,3618.326315789472,24000.0,23985.4,700.0,23771.966081871346,54321.8,53621.8,30731.811258278132,1,48,123,2,54.0,1,6,387570,0,0,0,1,1,100.0,9897,1.6,1.96,140,0,28531.7,5520.0,0,0,29,61,62
100,5804,1,04,1995,158976.0,48,3312.0,2,518.0,156,14.6,8573.476923076922,48358.0,48343.4,600.0,49916.09102564106,130293.2,129693.2,78214.17543859646,1,52,104,1,56.0,0,5,139012,59,41,8,3,10,61.9,8363,2.52,3.49,108,0,18879.4,14.6,0,0,36,42,62
101,5805,-1,11,1995,137904.0,24,5746.0,2,129.0,12,29.4,6363.316666666666,11878.0,11848.6,600.0,26886.191666666666,43259.7,42659.7,19089.949999999997,1,9,3,1,28.0,0,1,75637,35,36,9,0,7,36.5,9622,0.45,0.59,154,0,35159.7,8100.0,0,0,6,0,3
102,5836,1,08,1994,79632.0,24,3318.0,2,141.0,16,112.5,24948.65625,66165.0,66052.5,900.0,63494.200000000004,119373.5,118473.5,94294.13385826771,1,10,6,1,35.0,1,6,125832,151,41,2,3,5,48.3,8512,3.51,4.12,102,0,99262.5,44110.0,5,0,1,1,5
103,5837,1,06,1994,244560.0,60,4076.0,2,258.0,42,14.6,10168.945238095239,36680.0,36665.4,1000.0,38426.728571428575,72512.5,71512.5,51457.31325301204,1,18,24,1,27.0,1,6,109164,98,16,6,1,4,63.6,8757,3.38,3.95,96,0,21326.1,4107.0,8,0,3,4,20
104,5861,1,12,1994,51408.0,24,2142.0,2,387.0,64,14.6,13410.820312499996,57700.0,57685.4,900.0,52299.2859375,137087.2,136187.2,67938.72031662267,1,31,33,1,45.0,0,3,45714,52,10,5,1,6,55.6,8843,2.82,3.6,113,0,49198.8,14.6,0,0,19,0,33
105,5876,1,02,1995,221280.0,48,4610.0,1,389.0,71,30.0,11891.501408450704,50178.0,50148.0,1100.0,37596.93239436619,106144.8,105044.8,66480.04724409449,1,25,46,2,27.0,0,7,323870,0,0,0,1,1,100.0,10673,4.75,5.44,100,0,31314.7,30.0,12,0,1,7,39
106,5877,1,02,1995,97224.0,24,4051.0,2,531.0,112,14.6,3938.214285714283,16257.0,16242.4,1000.0,22360.536607142865,43393.0,42393.0,25204.571428571413,1,42,70,2,44.0,1,2,74062,99,15,4,2,7,61.4,8114,2.38,2.62,119,0,19479.6,3600.0,0,0,26,26,44
107,5880,1,10,1995,73836.0,36,2051.0,2,188.0,19,19.1,16708.057894736838,44281.0,44261.9,900.0,55315.168421052644,129607.8,128707.8,52041.49180327868,1,14,5,1,28.0,1,4,119895,17,4,3,2,4,89.9,10446,7.34,9.4,90,0,67453.1,22321.0,0,0,9,0,5
108,5882,1,09,1994,87816.0,12,7318.0,2,476.0,84,14.6,4538.899999999999,14886.0,14871.4,800.0,25533.21428571429,43442.2,42642.2,24080.058947368416,1,41,43,2,33.0,0,0,1204953,0,0,0,1,1,100.0,12541,0.29,0.43,167,0,15665.6,5000.0,0,0,27,11,32
109,5886,1,10,1996,192744.0,36,5354.0,2,137.0,26,14.6,15435.057692307691,49871.0,49856.4,200.0,62590.42307692308,128778.8,128578.8,99498.71900826447,1,13,13,2,33.0,0,6,145688,22,41,13,2,5,40.7,8544,1.29,1.86,109,0,27799.1,8400.0,0,0,9,0,13
110,5887,1,10,1994,192744.0,36,5354.0,2,488.0,76,8.8,7643.909210526311,47700.0,47691.2,700.0,37265.655263157896,121508.1,120808.1,35934.253608247396,1,33,43,2,23.0,1,6,110643,49,41,4,1,4,51.9,8441,3.45,4.48,115,0,29019.1,14.6,0,0,19,0,43
111,5892,-1,05,1996,66480.0,24,2770.0,1,139.0,10,20.0,13609.12,49631.0,49611.0,900.0,34798.28,77551.0,76651.0,32661.888,1,7,3,1,61.0,0,7,182027,17,49,12,2,7,56.4,8746,3.33,3.74,90,0,34891.2,206.5,0,0,4,0,3
112,5897,1,09,1996,15192.0,24,633.0,2,685.0,169,14.6,4099.694674556209,21513.0,21498.4,500.0,29941.905325443775,48157.1,47657.1,30611.858615611163,1,47,122,1,24.0,1,3,122603,25,21,6,2,8,80.0,8991,1.39,2.01,128,0,17351.9,4080.0,0,0,26,54,68
113,5900,1,01,1996,135360.0,48,2820.0,2,363.0,77,14.6,14958.594805194803,48633.0,48618.4,200.0,64881.31428571429,146479.5,146279.5,95454.01657458562,1,32,45,1,20.0,0,5,102609,75,33,2,3,6,52.0,8187,4.83,5.45,94,1,54868.9,14.6,0,0,21,0,45
114,5918,1,06,1994,300204.0,36,8339.0,2,364.0,71,14.6,6578.118309859151,28365.0,28350.4,300.0,34084.460563380286,57676.7,57376.7,38920.53333333331,1,27,44,1,30.0,0,6,161954,21,37,20,3,8,48.0,8720,3.73,4.5,116,0,33932.8,14.6,0,0,15,0,44
115,5922,1,08,1995,20220.0,12,1685.0,2,343.0,51,14.6,9715.854901960784,49397.0,49382.4,500.0,41077.63529411764,122906.7,122406.7,43980.053254437866,1,23,28,1,22.0,1,1,81344,61,23,4,2,6,55.3,8899,3.39,3.97,149,0,31303.3,14.6,0,0,14,5,23
116,5923,1,10,1996,64656.0,48,1347.0,2,124.0,12,62.9,6379.075,13609.0,13546.1,200.0,25896.466666666664,44749.0,44549.0,18979.066115702477,1,9,3,2,50.0,0,3,67298,71,19,10,0,7,43.8,8561,0.65,1.29,110,0,44749.0,13609.0,0,0,6,0,3
117,5938,1,08,1996,402000.0,60,6700.0,2,315.0,54,14.6,3029.88888888889,9500.0,9485.4,200.0,21568.935185185186,35650.8,35450.8,16146.118421052639,1,29,25,1,16.0,0,1,149893,63,29,6,2,6,67.4,9753,4.64,5.05,109,0,17232.1,2828.0,0,0,20,11,14
118,5959,1,08,1995,107640.0,24,4485.0,2,179.0,23,14.6,17488.552173913045,53613.0,53598.4,600.0,50214.50434782608,107783.7,107183.7,69752.02890173411,1,12,11,1,36.0,1,1,88884,80,26,6,2,5,46.7,8507,1.67,1.85,132,0,65325.4,35742.0,6,0,1,2,9
119,5970,1,07,1995,465072.0,48,9689.0,2,541.0,103,14.6,8579.534951456311,42880.0,42865.4,300.0,27778.745631067944,79557.6,79257.6,49094.00555555555,1,38,65,2,47.0,0,6,125832,151,41,2,3,5,48.3,8512,3.51,4.12,102,0,37152.4,10200.0,0,0,21,0,65
120,5980,1,08,1995,21396.0,12,1783.0,2,440.0,78,14.6,4644.437179487177,16048.0,16033.4,1000.0,30812.94615384615,46848.9,45848.9,24812.74657534245,1,34,44,2,27.0,0,2,58796,22,16,7,1,5,51.9,9045,3.13,3.6,124,0,24782.0,14075.0,15,0,5,0,44
121,5988,1,08,1996,141648.0,24,5902.0,2,200.0,18,55.6,14106.12222222222,42127.0,42071.4,200.0,45100.422222222216,123310.1,123110.1,38863.80612244898,1,13,5,2,44.0,0,5,139012,59,41,8,3,10,61.9,8363,2.52,3.49,108,0,123310.1,35111.0,0,0,8,0,5
122,5989,1,03,1996,213300.0,36,5925.0,2,326.0,59,14.6,3730.2016949152558,13600.0,13585.4,400.0,27951.91355932202,42443.7,42043.7,20504.524844720505,1,27,32,1,32.0,0,5,162580,83,26,5,1,6,72.8,9538,1.51,1.81,111,0,27326.7,14.6,0,0,17,5,27
123,5997,1,11,1993,117024.0,24,4876.0,2,137.0,13,45.1,14122.576923076924,29255.0,29209.9,800.0,44131.16923076923,76985.2,76185.2,41412.06766917293,1,9,4,1,58.0,0,2,177686,69,27,10,1,9,74.8,10045,1.42,1.71,135,0,53193.5,208.3,4,0,1,0,4
124,5999,1,01,1996,98832.0,48,2059.0,2,696.0,177,14.6,4382.094350282484,23282.0,23267.4,500.0,31814.268361581915,63095.4,62595.4,33577.086580086565,1,50,127,1,25.0,1,5,95907,87,25,5,2,7,59.1,8388,2.41,2.94,87,0,27169.8,14.6,0,0,27,55,72
125,6004,1,07,1994,143904.0,24,5996.0,2,518.0,139,6.7,9194.261151079136,60500.0,60493.3,700.0,49727.456115107925,134571.2,133871.2,75176.60588235293,1,47,92,1,43.0,0,5,102609,75,33,2,3,6,52.0,8187,4.83,5.45,94,0,38336.2,8800.0,0,0,30,32,60
126,6006,1,11,1996,359760.0,60,5996.0,2,475.0,48,14.6,8082.339583333331,51700.0,51685.4,900.0,32434.693749999995,127807.6,126907.6,24762.91276595744,1,25,23,1,17.0,0,5,161854,73,21,6,1,6,76.3,9425,1.72,2.5,125,0,39959.4,4710.0,0,0,17,4,19
127,6011,1,11,1996,179328.0,48,3736.0,2,311.0,52,14.6,8935.784615384611,34960.0,34945.4,200.0,44093.97115384614,81614.7,81414.7,46466.07999999998,1,21,31,1,23.0,0,6,387570,0,0,0,1,1,100.0,9897,1.6,1.96,140,0,36074.7,15700.0,0,0,12,6,25
128,6012,1,08,1996,258444.0,36,7179.0,1,205.0,16,141.4,8680.756249999999,31830.0,31688.6,600.0,40688.1375,61790.4,61190.4,20627.53960396039,1,12,4,1,30.0,0,0,1204953,0,0,0,1,1,100.0,12541,0.29,0.43,167,0,53892.1,206.4,0,0,7,0,4
129,6013,-1,02,1996,128988.0,36,3583.0,1,551.0,82,0.1,7562.665853658535,42530.0,42529.9,-36.1,34740.70243902438,78192.9,78229.0,33949.19343065693,1,35,47,1,56.0,0,2,70646,94,14,3,1,4,58.4,8547,2.65,3.64,120,0,9680.2,30.0,0,0,17,0,47
130,6015,1,11,1996,110112.0,24,4588.0,2,330.0,82,14.6,17234.715853658534,52500.0,52485.4,700.0,76232.69999999997,135658.1,134958.1,131261.30340557272,1,37,45,1,33.0,0,6,107911,88,33,6,2,7,50.9,8240,2.53,3.56,99,0,135658.1,33425.0,0,0,27,6,39
131,6019,1,07,1996,11400.0,12,950.0,2,357.0,77,14.6,2434.2441558441565,10734.0,10719.4,300.0,27533.66363636363,39514.1,39214.1,16066.011428571433,1,29,48,1,16.0,1,6,387570,0,0,0,1,1,100.0,9897,1.6,1.96,140,0,27820.2,2200.0,0,0,18,23,25
132,6027,-1,02,1996,61656.0,24,2569.0,1,167.0,12,36.9,16007.958333333334,47337.0,47300.1,400.0,44763.45833333334,89256.9,88856.9,36244.43396226415,1,9,3,1,42.0,1,1,53921,61,22,1,1,2,41.3,8598,2.77,3.26,123,0,59695.5,15200.0,0,0,6,0,3
133,6038,1,08,1994,323472.0,48,6739.0,2,415.0,57,14.6,12422.01578947368,44802.0,44787.4,200.0,45414.07368421051,119934.1,119734.1,52448.5111111111,1,28,29,1,54.0,1,0,1204953,0,0,0,1,1,100.0,12541,0.29,0.43,167,0,99294.4,26908.0,0,0,19,5,24
134,6043,1,01,1996,20352.0,48,424.0,2,283.0,48,14.6,3609.7416666666672,12549.0,12534.4,400.0,31814.414583333335,44427.9,44027.9,18564.385714285716,1,22,26,2,48.0,1,6,109164,98,16,6,1,4,63.6,8757,3.38,3.95,96,0,21281.5,3000.0,0,0,13,5,21
135,6063,-1,04,1996,320976.0,48,6687.0,2,251.0,50,14.6,15093.958,70071.0,70056.4,1000.0,49482.968,130775.0,129775.0,93172.58024691358,1,23,27,1,60.0,0,0,1204953,0,0,0,1,1,100.0,12541,0.29,0.43,167,0,46462.2,9100.0,8,0,1,0,27
136,6064,1,08,1994,14628.0,12,1219.0,2,399.0,102,2.0,4093.035294117645,23230.5,23228.5,200.0,32788.142156862734,52184.7,51984.7,31708.070886075937,1,29,73,1,45.0,1,6,157042,49,70,18,0,9,33.9,8743,1.88,2.43,111,0,34902.8,14.6,0,0,16,33,40
137,6066,1,07,1994,173808.0,24,7242.0,0,383.0,75,43.3,17396.585333333333,74522.0,74478.7,1000.0,61218.65866666666,134416.6,133416.6,103825.77453580902,1,26,49,2,37.0,1,7,148545,8,35,12,3,4,53.5,8909,4.01,5.56,113,0,94431.9,49681.0,13,0,1,0,49
138,6072,1,05,1994,193968.0,36,5388.0,0,197.0,29,52.4,16951.034482758623,54200.0,54147.6,800.0,63579.21724137931,120567.3,119767.3,77211.51832460734,1,20,9,1,21.0,0,7,226122,32,50,7,4,4,62.6,8994,3.8,4.79,110,0,80780.0,19181.0,0,0,12,0,9
139,6073,1,11,1996,276300.0,60,4605.0,2,487.0,92,14.6,3104.7760869565227,8888.0,8873.4,500.0,25997.563043478258,40755.0,40255.0,17632.061728395067,1,45,47,1,20.0,0,6,197099,29,41,10,2,10,74.7,9624,1.6,2.31,145,0,27578.1,3950.0,0,0,30,11,36
140,6077,1,11,1993,79608.0,24,3317.0,2,313.0,53,14.6,17600.358490566032,67124.0,67109.4,800.0,69954.57169811323,125825.7,125025.7,91154.95114006512,1,22,31,1,24.0,0,5,105606,77,26,7,2,7,53.0,8254,2.79,3.76,97,0,103745.7,3100.0,11,0,1,0,31
141,6087,1,02,1994,300660.0,60,5011.0,2,304.0,66,14.6,10342.530303030304,48900.0,48885.4,800.0,45854.89090909089,135175.2,134375.2,68260.7,1,24,42,1,44.0,0,4,128118,9,16,6,3,8,85.3,9317,6.49,7.07,97,0,33918.9,9800.0,0,0,15,15,27
142,6103,1,04,1994,149340.0,60,2489.0,1,321.0,56,30.0,5778.791071428573,22404.0,22374.0,500.0,29069.116071428572,53214.0,52714.0,30918.372611464973,1,23,33,1,31.0,0,5,105606,77,26,7,2,7,53.0,8254,2.79,3.76,97,0,23538.3,30.0,10,0,3,6,27
143,6109,1,06,1996,368880.0,60,6148.0,2,590.0,182,9.7,11574.082967032975,64500.0,64490.3,1100.0,60030.74340659335,151062.3,149962.3,107656.71720613296,1,58,124,2,22.0,0,6,125832,151,41,2,3,5,48.3,8512,3.51,4.12,102,0,105712.4,14.6,0,0,38,48,76
144,6111,-1,09,1993,174744.0,24,7281.0,2,163.0,32,14.6,11557.950000000003,52600.0,52585.4,1000.0,37485.456249999996,105628.0,104628.0,69347.70000000003,1,16,16,1,45.0,1,3,122603,25,21,6,2,8,80.0,8991,1.39,2.01,128,0,58140.9,40175.0,0,0,11,0,16
145,6112,-1,06,1994,174744.0,24,7281.0,2,452.0,118,0.2,7375.6279661016915,46739.0,46738.8,-1369.2,26252.814406779675,96659.4,98028.59999999999,58021.606666666645,1,38,80,1,16.0,1,1,95616,65,30,4,1,6,51.4,9307,3.85,4.43,118,0,6930.8,8300.0,0,0,23,42,38
146,6120,1,09,1994,209184.0,48,4358.0,2,391.0,68,14.6,14438.211764705879,61800.0,61785.4,1000.0,46230.339705882354,110583.8,109583.8,75522.95384615383,1,26,42,1,41.0,0,0,1204953,0,0,0,1,1,100.0,12541,0.29,0.43,167,0,44254.7,14500.0,13,0,1,0,42
147,6130,1,07,1996,32640.0,48,680.0,2,482.0,107,14.6,2772.7598130841125,20700.0,20685.4,300.0,25906.40934579439,43206.0,42906.0,18504.280665280665,1,39,68,1,54.0,0,5,161854,73,21,6,1,6,76.3,9425,1.72,2.5,125,0,18800.0,4100.0,0,0,24,22,46
148,6137,1,04,1996,44628.0,12,3719.0,1,636.0,146,30.0,14238.080821917807,71565.0,71535.0,900.0,49477.32123287672,112689.5,111789.5,98364.02839116719,1,43,103,1,52.0,0,1,53921,61,22,1,1,2,41.3,8598,2.77,3.26,123,0,80439.7,47710.0,21,0,2,16,87
149,6144,1,08,1996,44376.0,12,3698.0,2,164.0,39,14.6,15332.387179487176,54100.0,54085.4,800.0,53505.215384615396,124090.0,123290.0,110054.55828220856,1,18,21,1,34.0,0,2,58796,22,16,7,1,5,51.9,9045,3.13,3.6,124,0,68241.5,14463.0,0,0,13,4,17
150,6150,1,11,1994,83016.0,12,6918.0,2,632.0,196,14.6,13414.556632653079,64400.0,64385.4,700.0,67891.93520408169,136436.6,135736.6,125202.52857142873,1,67,129,1,16.0,0,6,161954,21,37,20,3,8,48.0,8720,3.73,4.5,116,0,93605.6,14.6,0,0,46,36,93
151,6151,1,04,1995,225420.0,60,3757.0,2,312.0,51,14.6,5452.343137254899,20727.0,20712.4,200.0,31185.1568627451,53271.6,53071.6,27806.94999999999,1,22,29,1,47.0,1,6,117897,139,28,5,1,6,53.8,8814,4.76,5.74,107,0,32403.4,6800.0,0,0,13,0,29
152,6153,1,07,1995,285600.0,60,4760.0,1,252.0,49,30.0,10411.720408163263,42729.0,42699.0,1100.0,49651.8918367347,126077.1,124977.1,63771.787499999984,1,24,25,2,15.0,1,1,95616,65,30,4,1,6,51.4,9307,3.85,4.43,118,0,28194.4,4200.0,0,0,17,0,25
153,6157,1,07,1995,98592.0,24,4108.0,0,183.0,26,68.7,10807.380769230771,36975.0,36906.3,900.0,54128.565384615365,78713.7,77813.7,46831.98333333334,1,13,13,1,32.0,1,1,92084,55,29,4,3,5,46.7,10124,0.56,0.54,141,0,62671.9,2700.0,6,0,1,2,11
154,6169,-1,03,1995,103680.0,60,1728.0,2,604.0,109,14.6,3896.3825688073357,14422.5,14407.9,500.0,28250.10917431192,46520.1,46020.1,21235.28499999998,1,44,65,1,24.0,0,5,95907,87,25,5,2,7,59.1,8388,2.41,2.94,87,0,36427.6,9615.0,0,0,25,0,65
155,6175,-1,02,1996,290700.0,60,4845.0,2,392.0,100,5.1,14274.570999999998,56400.0,56394.9,-2825.2,59647.42399999999,129626.3,132451.5,109804.3923076923,1,42,58,1,37.0,1,5,139012,59,41,8,3,10,61.9,8363,2.52,3.49,108,0,11574.8,14400.0,0,0,29,0,58
156,6178,1,12,1995,232560.0,48,4845.0,0,164.0,27,100.0,13066.725925925924,39741.0,39641.0,600.0,63188.63333333333,102665.9,102065.9,65333.62962962962,1,14,13,1,26.0,1,7,323870,0,0,0,1,1,100.0,10673,4.75,5.44,100,0,41243.5,11564.0,0,0,9,0,13
157,6185,1,11,1995,31176.0,24,1299.0,2,173.0,23,14.6,9027.317391304348,29418.0,29403.4,700.0,46304.152173913026,65769.6,65069.600000000006,38449.68518518518,1,12,11,1,28.0,0,0,1204953,0,0,0,1,1,100.0,12541,0.29,0.43,167,0,50647.1,1600.0,0,0,7,2,9
158,6190,1,05,1996,123600.0,60,2060.0,2,297.0,49,14.6,9121.306122448976,47109.0,47094.4,300.0,39514.6775510204,105255.7,104955.7,46076.70103092782,1,20,29,2,29.0,0,7,285387,0,2,8,5,7,89.9,10177,6.63,7.75,81,0,15505.6,14.6,0,0,10,0,29
159,6202,1,04,1994,65184.0,12,5432.0,2,448.0,82,14.6,11972.676829268288,48891.0,48876.4,900.0,47426.54999999998,102410.3,101510.3,66037.63452914795,1,30,52,1,37.0,0,1,75232,55,26,4,1,5,41.7,8980,1.95,2.21,111,0,67995.4,7100.0,15,0,1,0,52
160,6210,-1,06,1994,87216.0,48,1817.0,2,192.0,33,14.6,4041.37878787879,16356.0,16341.4,200.0,28362.248484848486,41410.0,41210.0,21510.56451612904,1,21,12,1,30.0,0,2,58796,22,16,7,1,5,51.9,9045,3.13,3.6,124,0,21691.3,14.6,6,0,3,0,12
161,6216,1,09,1994,141240.0,24,5885.0,2,388.0,102,14.6,9343.385294117643,52968.0,52953.4,1000.0,57219.574509803926,107784.1,106784.1,75238.83947368419,1,27,75,1,32.0,0,5,102609,75,33,2,3,6,52.0,8187,4.83,5.45,94,0,45871.6,4900.0,13,0,2,34,41
162,6223,1,11,1994,61056.0,48,1272.0,2,347.0,64,14.6,5646.3390625,24372.0,24357.4,900.0,36039.0515625,55816.0,54916.0,31514.45058139535,1,23,41,1,37.0,1,6,161954,21,37,20,3,8,48.0,8720,3.73,4.5,116,0,33525.3,14.6,0,0,12,12,29
163,6227,1,03,1995,28248.0,24,1177.0,2,557.0,94,14.6,8111.6808510638275,30055.5,30040.9,400.0,45582.44893617019,69893.0,69493.0,41365.171790235065,1,38,56,1,25.0,1,5,162580,83,26,5,1,6,72.8,9538,1.51,1.81,111,0,33729.1,14.6,0,0,20,0,56
164,6228,-1,12,1993,464520.0,60,7742.0,1,257.0,68,30.0,13335.798529411763,47757.0,47727.0,200.0,51760.01617647061,125943.1,125743.1,106269.64453124999,1,31,37,1,53.0,1,7,148545,8,35,12,3,4,53.5,8909,4.01,5.56,113,0,121600.3,19803.0,0,0,22,0,37
165,6229,1,10,1994,11736.0,24,489.0,2,528.0,133,14.6,6032.843609022555,33098.0,33083.4,1100.0,42224.43909774433,70826.8,69726.8,45675.609108159384,1,36,97,1,56.0,0,0,1204953,0,0,0,1,1,100.0,12541,0.29,0.43,167,0,26984.4,2200.0,0,0,19,38,59
166,6232,-1,07,1994,276660.0,36,7685.0,2,314.0,58,9.5,3499.286206896553,11600.0,11590.5,500.0,19256.89482758621,32720.4,32220.4,19452.90095846646,1,30,28,1,45.0,0,6,124605,11,42,14,1,8,46.0,8772,4.69,4.98,126,0,19783.2,4987.0,0,0,20,0,28
167,6244,-1,01,1995,270648.0,36,7518.0,1,307.0,72,30.0,12958.563888888886,52700.0,52670.0,200.0,60819.97638888886,134501.4,134301.4,93301.65999999997,1,36,36,1,57.0,0,0,1204953,0,0,0,1,1,100.0,12541,0.29,0.43,167,0,50996.5,25800.0,0,0,16,0,36
168,6253,1,11,1994,59760.0,24,2490.0,2,312.0,54,14.6,8295.155555555553,34557.0,34542.4,300.0,40204.46481481482,69643.1,69343.1,43630.363636363625,1,22,32,2,36.0,0,7,323870,0,0,0,1,1,100.0,10673,4.75,5.44,100,0,41133.1,14.6,0,0,12,5,27
169,6272,1,12,1994,398640.0,60,6644.0,1,512.0,86,30.0,16552.962790697675,59793.0,59763.0,400.0,63383.57558139535,121689.5,121289.5,83738.51764705882,1,34,52,1,35.0,1,7,323870,0,0,0,1,1,100.0,10673,4.75,5.44,100,0,59316.9,30800.0,17,0,1,0,52
170,6279,1,06,1994,87360.0,24,3640.0,2,321.0,30,14.6,8145.613333333333,49341.0,49326.4,200.0,36783.95000000002,69174.6,68974.6,23347.299363057326,1,16,14,1,32.0,0,4,85852,41,23,4,2,4,59.8,8965,7.08,8.23,104,0,29057.9,14.6,0,0,6,0,14
171,6283,1,08,1996,85632.0,48,1784.0,2,494.0,85,14.6,15232.292941176467,60800.0,60785.4,800.0,65066.73529411765,156504.1,155704.1,78787.72210953345,1,38,47,1,47.0,1,6,197099,29,41,10,2,10,74.7,9624,1.6,2.31,145,0,117238.7,48419.0,0,0,23,0,47
172,6294,1,02,1995,79920.0,60,1332.0,2,443.0,95,14.6,7707.406315789473,36634.5,36619.9,700.0,43846.97789473684,74199.5,73499.5,49809.768707482996,1,29,66,1,42.0,0,3,170449,0,0,0,1,1,100.0,10787,2.64,3.09,131,0,31271.6,5984.0,0,0,15,20,46
173,6296,1,08,1996,270384.0,48,5633.0,2,437.0,87,14.6,12403.50689655172,50696.0,50681.4,700.0,47654.244827586175,91294.4,90594.4,74250.35091743116,1,32,55,1,34.0,0,1,75232,55,26,4,1,5,41.7,8980,1.95,2.21,111,0,57835.1,33797.0,15,0,3,10,45
174,6297,1,10,1994,17508.0,12,1459.0,2,450.0,72,14.6,4842.765277777779,17580.0,17565.4,900.0,39290.618055555555,54432.3,53532.3,23453.75112107624,1,31,41,1,49.0,0,1,107870,84,29,6,1,6,58.0,8754,3.83,4.31,137,0,48027.0,720.0,0,0,17,0,41
175,6302,1,09,1996,181020.0,60,3017.0,2,551.0,93,14.6,7273.759139784942,27150.0,27135.4,500.0,34005.90645161289,60475.3,59975.3,37511.62292051753,1,37,56,2,30.0,1,5,78955,50,24,8,1,9,59.0,9060,1.78,2.44,124,0,45526.0,18100.0,18,0,2,0,56
176,6303,-1,02,1996,72408.0,24,3017.0,0,126.0,13,96.5,13997.223076923077,49634.0,49537.5,700.0,45099.26153846154,83619.5,82919.5,45490.975,1,9,4,1,38.0,1,3,51313,34,12,3,1,4,59.2,8930,3.52,4.2,108,0,36363.9,14000.0,0,0,5,0,4
177,6306,1,12,1994,36684.0,12,3057.0,2,631.0,125,8.3,4768.6432,24480.0,24471.7,700.0,30229.797600000013,50774.2,50074.2,28384.780952380952,1,50,75,1,16.0,1,7,285387,0,2,8,5,7,89.9,10177,6.63,7.75,81,0,35093.0,5700.0,0,0,30,0,75
178,6309,1,11,1996,110136.0,24,4589.0,2,553.0,63,14.6,11660.536507936507,60700.0,60685.4,400.0,50815.80476190476,140542.8,140142.8,40069.843636363636,1,29,34,1,39.0,1,0,1204953,0,0,0,1,1,100.0,12541,0.29,0.43,167,0,40746.5,4891.0,0,0,17,6,28
179,6315,1,02,1995,43164.0,12,3597.0,2,363.0,69,14.6,14188.256521739127,57680.0,57665.4,800.0,68377.06376811591,120071.4,119271.4,81582.47499999999,1,26,43,1,19.0,1,6,117897,139,28,5,1,6,53.8,8814,4.76,5.74,107,0,31349.9,900.0,12,0,2,0,43
180,6316,-1,05,1994,76908.0,12,6409.0,2,485.0,102,14.6,12928.499019607838,52200.0,52185.4,1100.0,52890.40392156866,126002.8,124902.8,82419.18124999997,1,42,60,1,48.0,1,1,149893,63,29,6,2,6,67.4,9753,4.64,5.05,109,0,14888.6,7000.0,0,0,26,0,60
181,6336,1,03,1994,212400.0,36,5900.0,1,391.0,71,30.0,11301.5661971831,48828.0,48798.0,300.0,51034.361971830986,133215.2,132915.2,61723.93846153847,1,31,40,1,27.0,1,4,85852,41,23,4,2,4,59.8,8965,7.08,8.23,104,0,64221.1,33500.0,0,0,19,0,40
182,6342,-1,11,1995,60156.0,36,1671.0,2,230.0,56,14.6,15972.280357142854,53600.0,53585.4,400.0,72667.63571428572,159712.8,159312.8,117690.48684210525,1,26,30,1,19.0,0,2,93931,74,21,10,1,8,56.9,8427,1.12,1.54,107,0,159712.8,27396.0,0,0,19,8,22
183,6354,1,10,1996,22968.0,36,638.0,2,120.0,11,16.3,4184.636363636364,8200.0,8183.7,1000.0,23324.93636363636,38831.0,37831.0,12669.08256880734,1,10,1,1,46.0,1,2,93931,74,21,10,1,8,56.9,8427,1.12,1.54,107,0,38831.0,8155.0,0,0,7,0,1
184,6356,1,12,1993,95400.0,36,2650.0,1,268.0,47,23.6,10370.702127659575,35760.0,35736.4,200.0,41562.32340425534,92354.8,92154.8,56241.11538461539,1,22,25,1,23.0,0,1,95616,65,30,4,1,6,51.4,9307,3.85,4.43,118,0,27667.0,30.0,0,0,13,0,25
185,6358,-1,01,1995,137880.0,60,2298.0,1,486.0,89,30.0,6024.03258426966,20848.0,20818.0,200.0,24523.073033707864,52658.4,52458.4,33369.64107883816,1,38,51,1,32.0,0,7,226122,32,50,7,4,4,62.6,8994,3.8,4.79,110,0,19966.8,5100.0,16,0,7,0,51
186,6362,1,10,1995,37908.0,12,3159.0,2,460.0,76,14.1,7485.496052631574,28431.0,28416.9,800.0,42164.027631578945,69530.4,68730.4,37926.51333333331,1,31,45,1,19.0,1,6,145688,22,41,13,2,5,40.7,8544,1.29,1.86,109,0,46113.5,12300.0,15,0,2,0,45
187,6403,1,12,1995,194880.0,48,4060.0,2,552.0,113,14.6,8187.945132743361,36536.0,36521.4,300.0,36421.42566371682,71138.8,70838.8,50744.30347349176,1,37,76,1,16.0,0,7,323870,0,0,0,1,1,100.0,10673,4.75,5.44,100,0,31007.0,14.6,18,0,1,14,62
188,6407,1,05,1994,25944.0,24,1081.0,2,260.0,37,14.6,10704.751351351353,36289.5,36274.9,600.0,56927.45405405403,80155.2,79555.2,48301.926829268305,1,19,18,1,34.0,1,4,118650,8,8,5,1,3,85.6,9832,3.32,4.48,114,0,69398.9,24193.0,0,0,11,0,18
189,6421,1,07,1996,96768.0,36,2688.0,2,364.0,66,13.4,13244.225757575752,64100.0,64086.6,900.0,51611.34242424241,117830.9,116930.9,72843.24166666664,1,28,38,2,29.0,1,4,85852,41,23,4,2,4,59.8,8965,7.08,8.23,104,0,37396.4,5200.0,0,0,17,7,31
190,6456,1,12,1993,47016.0,12,3918.0,0,239.0,42,32.8,12252.22380952381,51800.0,51767.2,200.0,60382.08571428571,112901.6,112701.6,65692.77446808512,1,22,20,1,36.0,1,5,112709,48,20,7,3,10,73.5,8369,1.79,2.31,117,0,58773.2,14581.0,0,0,14,4,16
191,6460,1,11,1994,48672.0,36,1352.0,2,415.0,97,14.6,1577.49381443299,12100.0,12085.4,300.0,23050.189690721658,33484.4,33184.4,11223.733496332521,1,34,63,2,47.0,1,6,157042,49,70,18,0,9,33.9,8743,1.88,2.43,111,0,23110.0,14.6,0,0,21,36,27
192,6461,1,09,1996,74124.0,36,2059.0,1,529.0,122,30.0,9023.625409836068,49816.0,49786.0,400.0,54371.299180327886,159765.9,159365.9,63512.4403846154,1,39,83,1,57.0,1,1,107870,84,29,6,1,6,58.0,8754,3.83,4.31,137,0,25658.0,1080.0,0,0,24,33,50
193,6471,1,08,1996,155640.0,24,6485.0,2,412.0,105,14.6,5793.879999999998,34486.0,34471.4,500.0,45183.3495238095,72838.9,72338.9,44732.16176470587,1,27,78,1,54.0,1,1,95616,65,30,4,1,6,51.4,9307,3.85,4.43,118,0,40494.6,14.6,0,0,14,36,42
194,6474,1,06,1995,63360.0,60,1056.0,2,638.0,119,14.6,3181.7697478991568,12138.0,12123.4,700.0,29108.36386554621,40733.8,40033.8,17972.971518987324,1,49,70,2,40.0,0,5,75685,31,28,5,1,9,60.8,8208,1.89,2.26,155,0,25635.0,14.6,0,0,29,16,54
195,6499,1,01,1994,80952.0,24,3373.0,2,313.0,54,13.5,7937.749999999999,30354.0,30340.5,1100.0,33312.53888888889,67529.6,66429.6,41750.50324675324,1,22,32,2,49.0,0,0,1204953,0,0,0,1,1,100.0,12541,0.29,0.43,167,0,28749.1,14.6,10,0,2,5,27
196,6501,-1,04,1996,30276.0,12,2523.0,2,388.0,92,14.6,5028.04565217391,22708.0,22693.4,1000.0,31318.872826086954,58621.4,57621.4,37506.50270270267,1,58,34,1,57.0,1,2,103347,87,16,7,1,7,67.0,9104,1.51,2.07,123,0,24930.3,18500.0,13,0,9,0,34
197,6509,1,03,1994,55368.0,24,2307.0,2,362.0,98,14.6,8702.475510204076,48139.0,48124.4,200.0,46061.31938775512,113350.7,113150.7,71070.21666666663,1,47,51,1,54.0,1,6,197099,29,41,10,2,10,74.7,9624,1.6,2.31,145,0,12414.4,10100.0,0,0,25,0,51
198,6512,1,05,1994,63312.0,48,1319.0,2,402.0,82,14.6,2011.2317073170734,10500.0,10485.4,500.0,22551.779268292692,31462.9,30962.9,12686.230769230771,1,35,47,1,38.0,1,3,51313,34,12,3,1,4,59.2,8930,3.52,4.2,108,0,28553.5,900.0,0,0,23,17,30
199,6520,1,03,1994,91200.0,24,3800.0,2,231.0,36,14.6,9999.52222222222,34198.0,34183.4,700.0,32558.533333333326,76736.9,76036.9,47366.15789473683,1,18,18,2,39.0,1,4,119895,17,4,3,2,4,89.9,10446,7.34,9.4,90,0,32715.3,22799.0,8,0,3,3,15
200,6526,1,01,1995,288468.0,36,8013.0,2,127.0,17,6.4,8402.382352941177,30950.0,30943.6,600.0,36999.52352941177,71939.2,71339.2,34558.18548387096,1,14,3,1,36.0,1,6,86513,38,36,5,1,5,50.5,8288,3.79,4.52,110,0,48840.6,175.3,0,0,6,0,3
201,6535,1,11,1995,41952.0,12,3496.0,2,425.0,105,14.6,5890.407619047617,31462.0,31447.4,500.0,41502.0257142857,71527.0,71027.0,43864.73758865247,1,31,74,1,23.0,0,5,161854,73,21,6,1,6,76.3,9425,1.72,2.5,125,0,24672.8,14.6,14,0,3,30,44
202,6540,1,12,1995,309600.0,48,6450.0,1,348.0,56,30.0,16045.607142857143,58052.0,58022.0,400.0,58185.589285714275,112363.1,111963.1,79284.17647058824,1,22,34,1,21.0,0,7,226122,32,50,7,4,4,62.6,8994,3.8,4.79,110,0,35488.1,22389.0,11,0,1,0,34
203,6545,1,12,1995,191880.0,60,3198.0,2,272.0,87,14.6,12113.755172413792,59200.0,59185.4,400.0,53685.786206896526,128539.4,128139.4,116667.53136531365,1,35,52,1,47.0,0,2,103347,87,16,7,1,7,67.0,9104,1.51,2.07,123,0,78521.0,12269.0,0,0,26,16,36
204,6546,1,03,1995,31728.0,24,1322.0,2,568.0,117,14.6,5173.091452991451,22267.5,22252.9,600.0,31139.747863247856,56122.8,55522.8,32482.202146690506,1,41,76,2,45.0,0,0,1204953,0,0,0,1,1,100.0,12541,0.29,0.43,167,0,32802.7,3240.0,0,0,23,14,62
205,6550,1,05,1996,320592.0,48,6679.0,2,465.0,88,14.6,13875.417045454546,60108.0,60093.4,500.0,60781.30681818183,117827.8,117327.8,80507.91428571429,1,30,58,2,26.0,1,6,145688,22,41,13,2,5,40.7,8544,1.29,1.86,109,1,69148.6,5800.0,15,1,1,0,57
206,6577,1,03,1994,51696.0,24,2154.0,2,396.0,102,14.6,13901.26960784313,59600.0,59585.4,600.0,58226.50490196079,124339.4,123739.4,109071.49999999994,1,44,58,1,26.0,1,7,323870,0,0,0,1,1,100.0,10673,4.75,5.44,100,1,38202.2,9500.0,0,5,31,0,53
207,6578,1,12,1995,27984.0,12,2332.0,1,519.0,76,30.0,7289.584210526321,47513.0,47483.0,500.0,30639.86315789473,82352.4,81852.4,32272.333980582545,1,30,46,1,47.0,0,5,139012,59,41,8,3,10,61.9,8363,2.52,3.49,108,0,18380.5,8217.0,0,0,14,10,36
208,6580,1,05,1994,196080.0,48,4085.0,2,231.0,47,14.6,10472.497872340424,46888.0,46873.4,900.0,49143.96595744681,97457.4,96557.4,66216.24215246635,1,20,27,1,36.0,0,3,87419,21,11,4,3,9,85.5,8624,1.79,2.66,102,0,86857.4,4900.0,0,0,13,0,27
209,6585,1,10,1996,372120.0,60,6202.0,2,663.0,172,14.6,15182.09651162792,63300.0,63285.4,500.0,64044.045930232496,128495.4,127995.4,118696.39090909102,1,71,101,2,52.0,0,6,197099,29,41,10,2,10,74.7,9624,1.6,2.31,145,0,46580.5,12800.0,0,0,50,0,101
210,6589,1,01,1996,189696.0,24,7904.0,1,267.0,89,30.0,11582.991011235956,57600.0,57570.0,700.0,54137.10561797751,125386.9,124686.9,116265.36090225563,1,30,59,2,50.0,0,2,51428,50,11,3,1,4,52.7,8402,3.13,3.98,120,0,88632.1,30.0,0,0,21,23,36
211,6591,1,02,1995,20832.0,48,434.0,2,550.0,151,14.6,2499.0682119205276,19700.0,19685.4,500.0,21368.909933774838,41997.9,41497.9,20658.35583941604,1,47,104,1,47.0,0,4,85852,41,23,4,2,4,59.8,8965,7.08,8.23,104,0,17872.5,14.6,0,0,29,52,52
212,6594,-1,09,1994,189696.0,24,7904.0,2,134.0,5,600.0,4500.0,11500.0,10900.0,600.0,14900.0,22500.0,21900.0,5625.0,0,5,0,1,25.0,1,6,110643,49,41,4,1,4,51.9,8441,3.45,4.48,115,0,22500.0,2200.0,0,0,5,0,0
213,6596,1,06,1994,91584.0,24,3816.0,2,211.0,31,14.6,15002.819354838708,47906.0,47891.4,1000.0,50765.41612903225,83039.4,82039.4,66441.05714285714,1,14,17,1,43.0,1,4,133777,24,17,7,3,11,84.7,8705,5.75,7.61,116,0,49842.9,27900.0,7,0,1,0,17
214,6598,1,01,1995,68112.0,12,5676.0,2,532.0,147,14.6,9898.47551020409,57164.0,57149.4,300.0,47220.13401360546,111588.8,111288.8,82518.48204158798,1,37,110,1,17.0,1,4,88768,10,18,5,1,7,80.5,8867,1.02,1.21,130,0,39416.1,7500.0,18,0,2,41,69
215,6599,1,11,1996,72120.0,12,6010.0,2,616.0,102,14.6,14376.881372549013,54092.0,54077.4,1000.0,75686.06568627451,109338.9,108338.9,71884.40686274506,1,40,62,2,44.0,1,5,139012,59,41,8,3,10,61.9,8363,2.52,3.49,108,0,98631.7,7000.0,20,0,1,0,62
216,6600,1,10,1995,21852.0,36,607.0,2,169.0,18,14.6,9232.249999999998,27736.5,27721.9,700.0,38509.05000000001,60863.2,60163.2,30032.620481927705,1,12,6,1,41.0,0,4,125236,28,11,1,4,5,87.7,9675,6.43,7.68,100,0,42899.4,26.0,0,0,7,1,5
217,6613,1,09,1996,84120.0,24,3505.0,1,105.0,19,30.0,14769.099999999999,47952.0,47922.0,900.0,56910.689473684215,89570.9,88670.9,81731.91262135922,1,12,7,1,47.0,1,7,42821,4,13,5,1,3,48.4,8173,?,7.01,124,0,63952.9,18424.0,0,0,9,0,7
218,6624,1,09,1994,71460.0,12,5955.0,2,326.0,43,14.6,10433.43953488372,48487.0,48472.4,200.0,47991.530232558136,82549.0,82349.0,42191.652037617554,1,20,23,2,49.0,0,6,157042,49,70,18,0,9,33.9,8743,1.88,2.43,111,0,53022.0,34197.0,0,0,12,4,19
219,6642,1,06,1994,77640.0,12,6470.0,1,333.0,60,30.0,13255.798333333336,58227.0,58197.0,700.0,55570.304999999964,117489.5,116789.5,72304.35454545455,1,22,38,1,27.0,0,3,67298,71,19,10,0,7,43.8,8561,0.65,1.29,110,0,30825.8,6000.0,10,0,2,0,38
220,6644,1,10,1996,93600.0,24,3900.0,2,308.0,55,14.6,7856.4127272727255,45287.0,45272.4,900.0,40078.70727272727,96108.3,95208.3,42924.10927152317,1,21,34,1,24.0,0,1,81344,61,23,4,2,6,55.3,8899,3.39,3.97,149,0,26235.8,3231.0,0,0,11,15,19
221,6645,1,11,1994,140400.0,36,3900.0,2,392.0,45,14.6,10991.504444444443,63200.0,63185.4,400.0,43563.619999999995,115000.2,114600.2,38047.51538461538,1,22,23,1,53.0,0,7,323870,0,0,0,1,1,100.0,10673,4.75,5.44,100,0,28271.8,5100.0,0,0,9,0,23
222,6647,1,06,1994,208320.0,48,4340.0,1,479.0,85,30.0,9434.437647058825,39060.0,39030.0,200.0,43944.88941176472,82981.9,82781.9,50330.1589958159,1,33,52,2,26.0,1,3,51313,34,12,3,1,4,59.2,8930,3.52,4.2,108,0,44183.1,30.0,15,0,3,0,52
223,6650,-1,02,1994,49320.0,12,4110.0,0,167.0,49,100.0,10548.35918367347,62700.0,62600.0,900.0,46576.27755102042,126833.0,125933.0,94549.31707317074,1,17,32,1,48.0,1,3,122603,25,21,6,2,8,80.0,8991,1.39,2.01,128,0,15673.6,11567.0,0,0,12,10,22
224,6659,1,02,1996,56100.0,60,935.0,2,405.0,68,14.6,3856.6014705882358,13986.0,13971.4,1000.0,20158.001470588235,45346.1,44346.1,19817.297229219148,1,28,40,1,38.0,0,6,387570,0,0,0,1,1,100.0,9897,1.6,1.96,140,0,15407.2,6216.0,0,0,16,9,31
225,6667,1,07,1996,155880.0,24,6495.0,2,641.0,142,14.6,12237.183098591557,60700.0,60685.4,1000.0,63263.1471830986,164648.6,163648.6,82354.50236966829,1,51,91,2,28.0,1,4,114006,71,26,6,2,9,62.3,9065,4.46,5.39,123,0,44564.6,8305.0,0,0,33,16,75
226,6668,1,07,1994,74736.0,36,2076.0,2,399.0,67,14.6,8191.962686567163,30918.0,30903.4,700.0,37912.99850746266,62084.0,61384.0,42220.115384615376,1,26,41,1,29.0,0,5,77917,85,19,6,1,5,53.5,8390,2.28,2.89,132,0,33243.7,10200.0,0,0,14,8,33
227,6676,1,06,1995,29784.0,24,1241.0,2,125.0,12,59.4,6943.3499999999985,17241.0,17181.6,200.0,27626.083333333332,49220.3,49020.3,20830.049999999996,1,9,3,2,25.0,1,3,170449,0,0,0,1,1,100.0,10787,2.64,3.09,131,0,37920.3,11300.0,0,0,6,0,3
228,6678,1,05,1994,80340.0,12,6695.0,2,319.0,52,14.6,15464.398076923078,61260.0,61245.4,1100.0,61531.59038461539,122523.5,121423.5,79356.77960526317,1,22,30,2,18.0,1,0,1204953,0,0,0,1,1,100.0,12541,0.29,0.43,167,0,89342.6,40840.0,10,0,3,0,30
229,6686,1,08,1994,224604.0,36,6239.0,2,519.0,93,14.6,14537.803225806449,56152.0,56137.4,200.0,57496.989247311816,109178.4,108978.4,79530.33529411763,1,34,59,2,18.0,0,3,51313,34,12,3,1,4,59.2,8930,3.52,4.2,108,0,40287.4,17300.0,17,0,1,0,59
230,6687,1,09,1993,87840.0,24,3660.0,2,124.0,17,51.3,9496.929411764704,32938.0,32886.7,500.0,46318.55294117647,65847.8,65347.8,40361.94999999999,1,14,3,2,14.0,1,1,53921,61,22,1,1,2,41.3,8598,2.77,3.26,123,0,43847.8,22000.0,4,0,2,0,3
231,6694,1,03,1995,134784.0,24,5616.0,2,288.0,55,12.2,9329.634545454543,58800.0,58787.8,900.0,44005.11272727273,112839.2,111939.2,55774.98913043477,1,30,25,1,55.0,1,7,285387,0,2,8,5,7,89.9,10177,6.63,7.75,81,0,16218.7,4900.0,0,0,13,0,25
232,6696,1,05,1994,89040.0,60,1484.0,2,392.0,87,14.6,3441.2045977011494,15843.0,15828.4,800.0,30045.4,46550.2,45750.2,23029.6,1,44,43,2,24.0,1,7,148545,8,35,12,3,4,53.5,8909,4.01,5.56,113,0,29305.8,800.0,0,0,18,8,35
233,6698,1,03,1996,247728.0,48,5161.0,1,215.0,50,30.0,12112.076,57900.0,57870.0,200.0,60054.734,108390.1,108190.1,84897.7289719626,1,23,27,1,17.0,0,0,1204953,0,0,0,1,1,100.0,12541,0.29,0.43,167,0,52551.7,2539.0,0,0,11,6,21
234,6699,1,03,1994,7656.0,24,319.0,2,367.0,81,9.2,6436.609876543208,31677.0,31667.8,600.0,46444.63950617287,73069.1,72469.1,43447.116666666654,1,36,45,2,32.0,1,5,78955,50,24,8,1,9,59.0,9060,1.78,2.44,124,0,36353.1,12800.0,0,0,14,8,37
235,6704,1,06,1995,417060.0,60,6951.0,2,558.0,74,14.6,10583.993243243245,52700.0,52685.4,200.0,58445.02702702706,127508.6,127308.6,42183.95870736087,1,41,33,2,34.0,1,3,45714,52,10,5,1,6,55.6,8843,2.82,3.6,113,0,80978.7,14.6,0,0,22,8,25
236,6712,1,10,1995,266220.0,60,4437.0,2,522.0,144,14.6,5581.28125,33190.0,33175.4,900.0,34922.88125000001,66744.4,65844.4,46367.56730769231,1,53,91,1,31.0,1,2,70646,94,14,3,1,4,58.4,8547,2.65,3.64,120,0,38159.6,5200.0,0,0,21,39,52
237,6715,1,05,1996,220620.0,60,3677.0,2,521.0,128,14.6,6331.021874999996,33096.0,33081.4,1100.0,36907.45624999998,70272.7,69172.7,47206.06601941744,1,54,74,1,53.0,1,2,70646,94,14,3,1,4,58.4,8547,2.65,3.64,120,0,26428.9,14.6,17,0,3,24,50
238,6721,1,01,1994,21072.0,24,878.0,2,135.0,15,48.5,3164.4733333333334,9738.0,9689.5,1100.0,21575.68666666666,33467.0,32367.0,11866.775,1,13,2,1,29.0,1,2,74062,99,15,4,2,7,61.4,8114,2.38,2.62,119,0,33467.0,6492.0,0,0,7,0,2
239,6725,1,06,1995,265320.0,36,7370.0,2,643.0,148,14.6,5332.347972972971,26409.0,26394.4,700.0,35566.88108108108,61993.3,61293.3,37580.35714285712,1,64,84,2,47.0,1,5,121947,37,28,7,3,11,70.5,8541,2.51,2.97,131,0,35289.8,7000.0,0,0,24,17,67
240,6726,1,09,1995,85860.0,60,1431.0,2,431.0,96,5.0,3377.4270833333344,16713.0,16708.0,1000.0,30461.404166666685,44713.5,43713.5,22726.612149532717,1,47,49,1,40.0,1,1,88884,80,26,6,2,5,46.7,8507,1.67,1.85,132,0,39366.8,14.6,0,0,19,9,40
241,6729,1,08,1994,74688.0,12,6224.0,2,496.0,112,14.6,11551.496428571427,56019.0,56004.4,1100.0,48484.624107142874,104902.4,103802.4,79048.93686354377,1,49,63,2,50.0,1,3,87419,21,11,4,3,9,85.5,8624,1.79,2.66,102,0,28933.3,13711.0,16,0,1,12,51
242,6732,1,09,1996,174048.0,48,3626.0,2,345.0,69,14.6,13503.126086956521,49461.0,49446.4,600.0,72968.38115942029,127067.6,126467.6,82452.71681415928,1,38,31,1,45.0,1,5,162580,83,26,5,1,6,72.8,9538,1.51,1.81,111,0,54140.4,10800.0,0,0,22,0,31
243,6734,1,05,1996,173016.0,36,4806.0,1,318.0,94,30.0,13519.828723404256,62700.0,62670.0,300.0,61799.24361702127,123928.2,123628.2,121420.11783439491,1,47,47,1,51.0,1,2,177686,69,27,10,1,9,74.8,10045,1.42,1.71,135,0,113931.6,26235.0,0,0,29,0,47
244,6736,1,06,1994,288360.0,60,4806.0,0,107.0,10,8.7,8585.04,27116.0,27107.3,800.0,33211.759999999995,58495.8,57695.8,27693.67741935484,1,8,2,1,58.0,0,0,1204953,0,0,0,1,1,100.0,12541,0.29,0.43,167,0,43450.3,137.1,0,0,4,0,2
245,6737,1,03,1995,76680.0,24,3195.0,2,545.0,143,14.6,9877.504195804204,57554.0,57539.4,1000.0,62933.474825174824,104676.1,103676.1,78181.72140221408,1,53,90,2,46.0,0,7,228848,15,40,18,2,6,57.2,9893,4.09,4.72,96,0,27191.2,5483.0,17,0,2,26,64
246,6738,-1,09,1994,230220.0,36,6395.0,2,356.0,82,4.9,7188.852439024389,59800.0,59795.1,-2719.7,27658.487804878045,130801.0,133520.7,52947.83532934131,1,38,44,1,52.0,1,7,323870,0,0,0,1,1,100.0,10673,4.75,5.44,100,0,6325.5,8894.0,0,0,17,19,25
247,6745,1,04,1995,47304.0,24,1971.0,2,516.0,167,14.6,13867.846706586834,59900.0,59885.4,400.0,68740.02335329345,148093.0,147693.0,136231.20000000007,1,76,91,1,24.0,0,6,197099,29,41,10,2,10,74.7,9624,1.6,2.31,145,0,62458.3,29500.0,0,0,42,14,77
248,6751,1,07,1996,85716.0,36,2381.0,2,153.0,19,52.5,7206.1578947368425,21430.0,21377.5,800.0,31337.257894736842,52782.7,51982.7,27383.4,1,15,4,2,58.0,0,2,74062,99,15,4,2,7,61.4,8114,2.38,2.62,119,0,52416.9,14287.0,5,0,2,0,4
249,6764,1,08,1995,33984.0,48,708.0,2,367.0,70,14.6,4598.144285714287,20196.0,20181.4,600.0,38587.75999999999,55077.5,54477.5,26822.508333333346,1,36,34,1,23.0,0,6,197099,29,41,10,2,10,74.7,9624,1.6,2.31,145,0,44465.4,10300.0,0,0,14,0,34
250,6785,1,12,1995,125340.0,60,2089.0,1,476.0,127,30.0,9686.672440944883,49974.0,49944.0,500.0,51145.51574803152,110933.4,110433.4,79711.06263498921,1,57,70,1,52.0,0,0,1204953,0,0,0,1,1,100.0,12541,0.29,0.43,167,0,19007.0,3713.0,0,0,29,13,57
251,6805,1,12,1996,45024.0,48,938.0,2,214.0,39,14.6,7779.8153846153855,31636.5,31621.9,800.0,41994.907692307694,63659.3,62859.3,43344.68571428572,1,20,19,1,40.0,1,7,285387,0,2,8,5,7,89.9,10177,6.63,7.75,81,0,38384.3,17800.0,0,0,8,6,13
252,6808,1,10,1994,227880.0,36,6330.0,2,382.0,83,14.6,8156.793975903612,64600.0,64585.4,1100.0,45134.721686747,153213.7,152113.7,53589.49076517149,1,45,38,2,39.0,1,6,197099,29,41,10,2,10,74.7,9624,1.6,2.31,145,0,53716.6,8552.0,0,0,21,0,38
253,6810,1,06,1996,186384.0,48,3883.0,1,645.0,190,30.0,11952.684210526306,60600.0,60570.0,700.0,61578.30157894735,129557.3,128857.3,106954.94505494497,1,82,108,1,37.0,0,4,128118,9,16,6,3,8,85.3,9317,6.49,7.07,97,0,21003.8,30.0,0,0,40,19,89
254,6816,-1,03,1996,100224.0,48,2088.0,2,125.0,18,26.5,4932.616666666666,18792.0,18765.5,700.0,28124.933333333334,46487.1,45787.1,22196.774999999998,1,15,3,1,39.0,1,7,285387,0,2,8,5,7,89.9,10177,6.63,7.75,81,0,31387.1,15100.0,4,0,2,0,3
255,6817,1,10,1996,70656.0,48,1472.0,2,273.0,53,14.6,5188.339622641511,26080.0,26065.4,600.0,32646.850943396224,55343.2,54743.2,30553.555555555562,1,29,24,1,44.0,0,0,1204953,0,0,0,1,1,100.0,12541,0.29,0.43,167,0,22476.1,7100.0,0,0,11,4,20
256,6818,1,12,1996,155616.0,48,3242.0,2,691.0,172,14.6,4895.974418604647,36960.0,36945.4,200.0,44197.50988372091,75294.1,75094.1,36613.373913043455,1,70,102,2,26.0,1,7,226122,32,50,7,4,4,62.6,8994,3.8,4.79,110,0,60694.1,14600.0,0,0,26,36,66
257,6820,1,12,1993,38148.0,12,3179.0,2,171.0,29,9.9,8369.555172413793,32706.0,32696.1,900.0,37462.09310344827,62324.6,61424.6,43085.875739644966,1,18,11,1,29.0,1,0,1204953,0,0,0,1,1,100.0,12541,0.29,0.43,167,0,56840.8,32706.0,6,0,2,4,7
258,6836,1,08,1994,189300.0,60,3155.0,2,413.0,102,14.6,5114.498039215686,28413.0,28398.4,800.0,32354.031372548998,61043.3,60243.3,38171.61951219512,1,42,60,1,41.0,0,6,109164,98,16,6,1,4,63.6,8757,3.38,3.95,96,0,24552.0,14.6,0,0,16,18,42
259,6841,1,08,1994,172080.0,48,3585.0,2,198.0,42,14.6,11368.769047619047,45518.0,45503.4,200.0,60743.957142857136,119138.8,118938.8,74998.16230366493,1,25,17,1,37.0,1,1,92084,55,29,4,3,5,46.7,10124,0.56,0.54,141,0,58209.4,14.6,0,0,12,0,17
260,6863,1,07,1993,127080.0,60,2118.0,2,170.0,24,48.6,5417.458333333333,19065.0,19016.4,800.0,30060.954166666666,49590.4,48790.4,23929.877300613494,1,15,9,1,57.0,0,5,77917,85,19,6,1,5,53.5,8390,2.28,2.89,132,0,20272.8,12000.0,5,0,2,3,6
261,6865,-1,09,1996,29448.0,12,2454.0,2,119.0,11,63.8,8271.872727272728,22090.0,22026.2,800.0,28977.436363636356,43790.6,42990.6,23944.894736842107,1,9,2,1,49.0,0,7,226122,32,50,7,4,4,62.6,8994,3.8,4.79,110,0,43790.6,14727.0,4,0,1,0,2
262,6876,1,12,1993,86616.0,12,7218.0,2,125.0,15,29.8,5323.546666666666,17859.0,17829.2,800.0,25714.046666666665,48353.1,47553.1,19963.3,1,12,3,1,32.0,0,1,75637,35,36,9,0,7,36.5,9622,0.45,0.59,154,0,37253.1,11100.0,0,0,6,0,3
263,6888,1,07,1994,39576.0,12,3298.0,2,522.0,115,14.6,8275.28347826087,49603.0,49588.4,300.0,48944.82782608698,103467.2,103167.2,55328.93023255814,1,53,62,1,14.0,1,4,105058,32,19,7,2,10,81.0,9272,2.8,3.22,118,0,23901.1,9493.0,0,0,21,23,39
264,6895,1,09,1994,41904.0,12,3492.0,2,603.0,143,0.8,6720.900699300698,51700.0,51699.2,900.0,36080.38671328671,129123.0,128223.0,48054.43999999999,1,63,80,1,20.0,0,7,285387,0,2,8,5,7,89.9,10177,6.63,7.75,81,0,39204.7,3500.0,0,0,26,30,50
265,6903,1,06,1994,52128.0,24,2172.0,2,264.0,71,0.1,6031.725352112672,44473.0,44472.9,144.2,33459.68028169013,59944.2,59800.0,49413.74999999997,1,39,32,1,35.0,1,1,75637,35,36,9,0,7,36.5,9622,0.45,0.59,154,0,58844.8,14.6,0,0,13,0,32
266,6919,1,08,1994,120888.0,36,3358.0,1,496.0,96,30.0,9301.089583333332,49200.0,49170.0,600.0,40838.75520833332,116468.4,115868.4,54115.4303030303,1,36,60,1,50.0,1,0,1204953,0,0,0,1,1,100.0,12541,0.29,0.43,167,0,52014.4,11100.0,0,0,21,12,48
267,6921,1,10,1996,86184.0,12,7182.0,2,237.0,42,14.6,16523.60238095238,64642.0,64627.4,300.0,59935.271428571425,128146.0,127846.0,88219.23305084746,1,16,26,1,56.0,1,7,285387,0,2,8,5,7,89.9,10177,6.63,7.75,81,0,43157.5,18346.0,8,0,1,6,20
268,6929,1,05,1995,36396.0,12,3033.0,1,671.0,158,30.0,11730.839873417724,51700.0,51670.0,800.0,57977.034810126555,125887.5,125087.5,83115.3677130045,1,56,102,1,23.0,0,7,127369,31,32,13,2,7,51.2,8369,4.73,5.88,107,0,45480.6,5119.0,0,0,34,19,83
269,6933,1,09,1995,188688.0,48,3931.0,2,160.0,22,14.6,10873.772727272726,35378.0,35363.4,400.0,42203.17272727272,71255.7,70855.7,45711.40127388534,1,12,10,1,30.0,1,6,197099,29,41,10,2,10,74.7,9624,1.6,2.31,145,0,23579.7,3592.0,5,0,2,1,9
270,6940,1,11,1996,228276.0,36,6341.0,2,166.0,20,14.6,7186.860000000001,22288.0,22273.4,500.0,41402.135,60236.6,59736.6,28000.753246753247,1,13,7,2,35.0,0,0,1204953,0,0,0,1,1,100.0,12541,0.29,0.43,167,0,53707.9,14859.0,0,0,8,0,7
271,6944,1,11,1996,46176.0,48,962.0,2,161.0,17,64.5,8573.594117647059,18109.0,18044.5,1000.0,33613.10588235294,54705.1,53705.1,27674.25949367089,1,11,6,1,30.0,0,6,145688,22,41,13,2,5,40.7,8544,1.29,1.86,109,0,38725.1,700.0,0,0,7,1,5
272,6949,1,12,1995,104712.0,24,4363.0,1,569.0,108,30.0,12019.660185185186,48996.0,48966.0,300.0,52379.128703703704,119752.3,119452.3,68562.85035211268,1,50,58,2,25.0,1,3,51313,34,12,3,1,4,59.2,8930,3.52,4.2,108,0,30115.3,13386.0,0,0,34,11,47
273,6950,1,04,1995,104712.0,24,4363.0,2,691.0,191,14.6,11980.31256544504,56400.0,56385.4,400.0,57357.84345549743,147603.2,147203.2,99488.68260869576,1,72,119,1,50.0,0,7,323870,0,0,0,1,1,100.0,10673,4.75,5.44,100,0,21801.2,4146.0,0,0,50,22,97
274,6955,1,11,1995,244368.0,48,5091.0,0,488.0,144,100.0,17859.12708333333,57200.0,57100.0,200.0,75924.24097222224,143453.3,143253.3,159075.11134020615,1,64,80,1,26.0,0,6,114200,101,41,4,1,4,43.7,8403,5.74,5.72,105,0,86194.1,5700.0,0,0,49,0,80
275,6960,1,01,1995,76416.0,24,3184.0,2,669.0,153,14.6,6527.337254901959,28659.0,28644.4,8686.4,31375.160784313717,64494.1,55807.7,44851.01497005986,1,57,96,2,57.0,0,0,1204953,0,0,0,1,1,100.0,12541,0.29,0.43,167,0,12262.9,4087.0,22,0,13,36,60
276,6961,1,06,1996,176148.0,36,4893.0,2,135.0,13,34.9,17599.43846153846,34881.0,34846.1,1100.0,47154.50000000001,83783.4,82683.4,53207.60465116279,1,9,4,1,33.0,1,4,85852,41,23,4,2,4,59.8,8965,7.08,8.23,104,0,53592.6,209.3,4,0,1,0,4
277,6965,1,06,1995,139536.0,24,5814.0,2,576.0,165,12.2,14454.311515151527,53200.0,53187.8,800.0,63889.87393939397,151546.9,150746.9,125524.28421052641,1,67,98,1,54.0,1,6,117897,139,28,5,1,6,53.8,8814,4.76,5.74,107,0,36472.9,7400.0,0,0,48,17,81
278,6985,1,11,1995,113796.0,36,3161.0,0,356.0,72,100.0,6453.25138888889,28446.0,28346.0,500.0,36840.57361111111,58022.1,57522.1,40520.41569767442,1,25,47,2,24.0,0,6,387570,0,0,0,1,1,100.0,9897,1.6,1.96,140,0,34054.0,3500.0,12,0,2,16,31
279,6986,-1,02,1995,151728.0,48,3161.0,2,271.0,57,0.8,8289.664912280698,48906.0,48905.2,-669.7,30491.098245614034,82784.6,83454.3,52501.211111111086,1,28,29,1,19.0,0,7,323870,0,0,0,1,1,100.0,10673,4.75,5.44,100,0,26488.7,2300.0,0,0,14,0,29
280,6992,1,07,1996,133968.0,48,2791.0,2,261.0,79,14.6,9939.873417721517,60800.0,60785.4,200.0,46772.3151898734,117458.5,117258.5,94989.91935483868,1,23,56,2,53.0,0,5,139012,59,41,8,3,10,61.9,8363,2.52,3.49,108,1,34729.5,993.0,0,0,15,24,32
281,6995,1,09,1996,96168.0,12,8014.0,1,616.0,149,24.8,8240.561744966444,53500.0,53475.2,600.0,50492.688590604004,138010.1,137410.1,59894.81463414635,1,84,65,1,24.0,1,6,197099,29,41,10,2,10,74.7,9624,1.6,2.31,145,0,3609.3,14700.0,0,0,27,0,65
282,6996,1,04,1995,126600.0,24,5275.0,2,693.0,132,14.6,11683.987878787892,47472.0,47457.4,400.0,47118.993181818165,94043.3,93643.3,67055.93043478268,1,46,86,1,56.0,0,5,162580,83,26,5,1,6,72.8,9538,1.51,1.81,111,0,48720.6,21000.0,23,0,1,0,86
283,6998,1,05,1994,97632.0,12,8136.0,2,301.0,65,14.6,15218.433846153841,73224.0,73209.4,1100.0,53379.127692307746,119900.1,118800.1,98919.81999999996,1,20,45,1,26.0,1,2,103347,87,16,7,1,7,67.0,9104,1.51,2.07,123,0,41330.1,16800.0,10,0,1,12,33
284,7004,1,03,1995,331560.0,60,5526.0,2,571.0,119,14.6,7321.519327731092,33276.0,33261.4,900.0,36941.99831932774,71924.6,71024.6,45855.83157894736,1,40,79,2,14.0,0,1,88884,80,26,6,2,5,46.7,8507,1.67,1.85,132,0,47992.1,12400.0,0,0,22,28,51
285,7008,1,09,1995,36168.0,12,3014.0,2,202.0,36,14.6,6931.622222222222,27122.0,27107.4,300.0,39063.766666666656,63738.0,63438.0,38000.77157360406,1,15,21,1,34.0,0,0,1204953,0,0,0,1,1,100.0,12541,0.29,0.43,167,0,29138.1,3000.0,7,0,2,8,13
286,7013,1,08,1996,89340.0,60,1489.0,2,267.0,44,14.6,4646.670454545455,17313.0,17298.4,500.0,40005.48181818183,54628.1,54128.1,23145.679245283016,1,20,24,2,25.0,1,6,110643,49,41,4,1,4,51.9,8441,3.45,4.48,115,0,42227.6,14.6,0,0,11,5,19
287,7034,1,07,1996,19044.0,36,529.0,2,410.0,69,14.2,6600.440579710142,24126.0,24111.8,600.0,43121.75507246379,64981.1,64381.1,33735.58518518517,1,29,40,1,22.0,1,3,122603,25,21,6,2,8,80.0,8991,1.39,2.01,128,0,50167.6,16084.0,0,0,16,0,40
288,7036,1,09,1996,194940.0,36,5415.0,2,468.0,91,1.3,12668.317582417583,58700.0,58698.7,600.0,56669.78791208787,138172.6,137572.6,75677.25820568929,1,38,53,1,32.0,0,1,112065,95,19,7,1,8,69.4,11277,1.25,1.44,127,0,34212.3,4700.0,0,0,23,0,53
289,7055,1,04,1994,167100.0,60,2785.0,2,335.0,79,14.6,14332.407594936709,49980.0,49965.4,1100.0,63707.62658227851,143605.7,142505.7,102932.74545454545,1,33,46,2,24.0,1,6,145688,22,41,13,2,5,40.7,8544,1.29,1.86,109,0,39310.2,12300.0,0,0,22,0,46
290,7057,1,10,1995,231696.0,36,6436.0,1,476.0,126,30.0,10683.37222222222,60566.0,60536.0,800.0,45873.61666666666,108575.3,107775.3,86659.11373390556,1,34,92,2,22.0,0,0,1204953,0,0,0,1,1,100.0,12541,0.29,0.43,167,0,39874.7,7300.0,16,0,3,35,57
291,7061,1,08,1994,121896.0,24,5079.0,2,486.0,93,14.6,13230.344086021498,64900.0,64885.4,600.0,54422.59677419357,133454.9,132854.9,76901.37499999996,1,39,54,1,29.0,0,6,157042,49,70,18,0,9,33.9,8743,1.88,2.43,111,0,41917.2,15500.0,0,0,24,0,54
292,7066,-1,05,1994,215388.0,36,5983.0,2,156.0,15,18.0,6110.86,49757.0,49739.0,1000.0,32702.726666666666,50757.0,49757.0,17856.40909090909,1,10,5,1,34.0,0,4,119895,17,4,3,2,4,89.9,10446,7.34,9.4,90,0,30662.8,139.3,0,0,3,0,5
293,7097,-1,12,1993,75624.0,24,3151.0,2,196.0,23,50.5,13406.739130434786,49887.0,49836.5,400.0,50009.90869565217,89754.8,89354.8,48687.63157894738,1,15,8,1,35.0,0,6,387570,0,0,0,1,1,100.0,9897,1.6,1.96,140,0,41954.8,13500.0,0,0,6,0,8
294,7101,1,11,1996,421008.0,48,8771.0,2,304.0,50,14.6,8521.961999999998,31540.0,31525.4,600.0,37436.42199999999,72330.4,71730.4,42609.80999999999,1,22,28,1,43.0,0,2,177686,69,27,10,1,9,74.8,10045,1.42,1.71,135,0,31168.0,4800.0,0,0,13,6,22
295,7104,1,12,1993,259740.0,60,4329.0,2,155.0,17,75.3,13038.088235294117,38960.0,38884.7,800.0,45198.15294117647,79633.5,78833.5,43746.21710526316,1,10,7,1,15.0,0,7,228848,15,40,18,2,6,57.2,9893,4.09,4.72,96,0,67219.5,12414.0,5,0,1,1,6
296,7121,1,11,1993,21924.0,36,609.0,2,297.0,45,14.6,5957.544444444445,21739.5,21724.9,1100.0,34272.21333333333,60432.4,59332.4,27356.071428571428,1,21,24,2,33.0,0,6,157042,49,70,18,0,9,33.9,8743,1.88,2.43,111,0,49083.3,14493.0,0,0,12,5,19
297,7130,1,12,1996,123408.0,24,5142.0,0,384.0,65,67.5,5789.864615384614,46000.0,45932.5,700.0,28359.255384615386,85626.9,84926.9,29555.591623036642,1,25,40,1,32.0,0,4,119895,17,4,3,2,4,89.9,10446,7.34,9.4,90,1,8357.1,1807.0,0,0,13,24,16
298,7136,1,09,1996,54396.0,36,1511.0,2,191.0,23,14.6,3853.8260869565215,11244.0,11229.4,800.0,30293.708695652174,42308.8,41508.8,14691.381215469613,1,14,9,1,57.0,0,6,110643,49,41,4,1,4,51.9,8441,3.45,4.48,115,0,36208.8,1500.0,0,0,9,0,9
299,7137,1,06,1994,151560.0,24,6315.0,2,194.0,28,14.6,16935.55357142857,56835.0,56820.4,300.0,53976.29285714286,97912.7,97612.7,74093.04687499999,1,13,15,1,41.0,0,6,125832,151,41,2,3,5,48.3,8512,3.51,4.12,102,0,21323.2,15993.0,6,0,1,1,14
300,7138,1,07,1995,60000.0,60,1000.0,2,658.0,137,14.6,2567.8445255474417,11049.0,11034.4,400.0,24643.28394160584,39393.9,38993.9,16112.734351145016,1,48,89,1,49.0,0,5,77917,85,19,6,1,5,53.5,8390,2.28,2.89,132,0,16878.6,14.6,0,0,27,34,55
301,7142,-1,12,1994,482940.0,60,8049.0,2,477.0,130,7.8,4060.6807692307684,21056.0,21048.2,900.0,26358.754615384616,57707.2,56807.2,33623.47133757961,1,56,74,1,19.0,1,0,1204953,0,0,0,1,1,100.0,12541,0.29,0.43,167,0,18439.4,4653.0,0,0,26,34,40
302,7154,1,12,1996,417600.0,60,6960.0,0,408.0,34,100.0,8159.970588235291,36305.0,36205.0,200.0,43196.744117647046,87052.1,86852.1,20500.418719211815,1,21,13,1,26.0,0,6,157042,49,70,18,0,9,33.9,8743,1.88,2.43,111,1,58638.6,4500.0,0,4,8,0,9
303,7166,1,06,1995,198240.0,24,8260.0,2,160.0,16,43.0,7546.887500000001,19455.0,19412.0,300.0,30953.143750000003,51947.2,51647.2,24150.04,1,11,5,1,39.0,0,4,118650,8,8,5,1,3,85.6,9832,3.32,4.48,114,0,44644.2,7303.0,0,0,7,1,4
304,7176,1,10,1995,260028.0,36,7223.0,2,689.0,161,14.6,12514.357142857156,65008.0,64993.4,200.0,50676.81987577643,124900.7,124700.7,89547.17777777788,1,47,114,1,19.0,0,1,75637,35,36,9,0,7,36.5,9622,0.45,0.59,154,0,69850.9,4782.0,22,0,4,35,79
305,7189,1,03,1996,154656.0,48,3222.0,2,454.0,89,14.6,6653.895505617973,28994.0,28979.4,1000.0,31791.328089887644,61782.0,60782.0,39479.77999999998,1,32,57,1,39.0,0,7,161227,5,35,11,4,10,69.7,8678,5.93,5.57,102,0,37180.5,4500.0,15,0,3,10,47
306,7192,1,12,1994,115992.0,36,3222.0,1,613.0,127,5.4,6214.3740157480315,60600.0,60594.6,200.0,25666.407086614156,107692.0,107492.0,39330.17441860465,1,46,81,1,58.0,0,3,51313,34,12,3,1,4,59.2,8930,3.52,4.2,108,0,9669.5,8042.0,0,0,26,32,49
307,7194,1,09,1996,68832.0,36,1912.0,2,330.0,53,14.6,7828.981132075469,28353.0,28338.4,700.0,37557.05471698113,61939.6,61239.6,38301.7846153846,1,24,29,1,37.0,0,0,1204953,0,0,0,1,1,100.0,12541,0.29,0.43,167,0,51540.7,1500.0,0,0,14,6,23
308,7198,1,08,1994,45768.0,12,3814.0,1,274.0,27,24.2,5645.466666666667,36574.0,36549.8,800.0,32555.818518518518,78327.5,77527.5,16936.4,1,22,5,1,17.0,1,7,226122,32,50,7,4,4,62.6,8994,3.8,4.79,110,0,54427.5,23900.0,0,0,10,0,5
309,7213,1,02,1996,113544.0,36,3154.0,2,358.0,71,14.6,6453.483098591548,28386.0,28371.4,700.0,33990.41971830985,68048.1,67348.1,38720.89859154928,1,26,45,1,53.0,0,6,114200,101,41,4,1,4,43.7,8403,5.74,5.72,105,0,13386.8,4408.0,11,0,4,14,31
310,7220,1,07,1994,131292.0,36,3647.0,1,425.0,83,12.1,7915.58313253012,32823.0,32810.9,1000.0,36635.11566265062,70288.4,69288.4,46928.09999999999,1,29,54,1,40.0,0,0,1204953,0,0,0,1,1,100.0,12541,0.29,0.43,167,0,31361.3,3500.0,14,0,2,10,44
311,7226,1,02,1994,197748.0,36,5493.0,2,163.0,16,68.3,14293.412499999999,36216.0,36147.7,300.0,44735.43125000001,74413.6,74113.6,43979.730769230766,1,11,5,2,24.0,1,1,53921,61,22,1,1,2,41.3,8598,2.77,3.26,123,0,43294.5,5700.0,0,0,7,0,5
312,7227,1,10,1995,314520.0,60,5242.0,1,484.0,130,30.0,15168.362307692307,56700.0,56670.0,500.0,63527.42,128119.4,127619.4,122731.56224066389,1,56,74,1,40.0,1,5,105606,77,26,7,2,7,53.0,8254,2.79,3.76,97,0,50487.0,30.0,0,0,40,12,62
313,7233,1,12,1996,115812.0,36,3217.0,2,585.0,124,14.6,13280.084677419369,50800.0,50785.4,1100.0,56646.51612903226,119527.2,118427.2,85470.44117647067,1,51,73,1,44.0,0,2,93931,74,21,10,1,8,56.9,8427,1.12,1.54,107,0,41878.1,3100.0,0,0,32,0,73
314,7235,1,10,1993,154416.0,48,3217.0,1,176.0,32,13.6,9740.15,39098.0,39084.4,8897.0,46715.8,81723.5,72826.5,54681.54385964912,1,16,16,1,24.0,1,2,70699,60,13,2,1,4,65.3,8968,2.83,3.35,131,0,53402.7,2600.0,0,0,10,0,16
315,7240,1,09,1993,274740.0,60,4579.0,1,204.0,27,30.0,18945.966666666664,63366.0,63336.0,600.0,57188.21111111111,122893.1,122293.1,77506.22727272726,1,13,14,1,15.0,0,6,86513,38,36,5,1,5,50.5,8288,3.79,4.52,110,0,41112.9,30.0,6,0,1,3,11
316,7241,-1,03,1995,168984.0,24,7041.0,2,571.0,160,2.5,11357.38687500001,55200.0,55197.5,-517.7,56053.99750000002,120806.4,121324.09999999999,95641.15263157903,1,74,86,1,19.0,0,0,1204953,0,0,0,1,1,100.0,12541,0.29,0.43,167,0,24304.3,14200.0,0,0,36,0,86
317,7243,1,12,1995,217152.0,36,6032.0,2,309.0,57,4.4,12666.78245614035,54286.0,54281.6,400.0,49107.06666666666,109774.3,109374.3,71017.04262295082,1,21,36,1,21.0,0,7,226122,32,50,7,4,4,62.6,8994,3.8,4.79,110,1,42279.3,14.6,10,0,1,6,30
318,7246,1,08,1996,148920.0,60,2482.0,1,201.0,31,30.0,7832.083870967741,22780.0,22750.0,400.0,32435.3193548387,63289.9,62889.9,36602.20100502512,1,16,15,1,19.0,0,6,108871,41,29,7,2,6,62.1,8444,3.24,3.47,106,0,15278.6,2900.0,7,0,3,3,12
319,7249,1,06,1994,69360.0,48,1445.0,2,450.0,78,14.6,4748.167948717949,17782.0,17767.4,1100.0,33857.10641025642,52365.0,51265.0,24800.698660714286,1,31,47,1,53.0,0,5,112709,48,20,7,3,10,73.5,8369,1.79,2.31,117,0,38665.0,13700.0,0,0,17,0,47
320,7259,1,01,1994,108144.0,36,3004.0,2,256.0,55,14.6,13671.429090909087,60600.0,60585.4,900.0,54652.89818181817,123863.4,122963.4,92830.69135802466,1,23,32,2,31.0,1,6,108871,41,29,7,2,6,62.1,8444,3.24,3.47,106,0,21921.3,3500.0,0,0,15,6,26
321,7262,1,03,1994,182628.0,36,5073.0,2,142.0,13,67.1,8281.607692307693,23204.0,23136.9,500.0,33229.10769230769,52246.0,51746.0,22906.574468085106,1,10,3,1,35.0,0,7,138032,67,30,4,2,5,64.6,8819,5.38,5.66,99,0,45660.9,183.5,0,0,6,0,3
322,7263,1,01,1996,89880.0,24,3745.0,1,154.0,29,26.2,13517.224137931036,47100.0,47073.8,800.0,62571.28275862067,116004.2,115204.2,78399.90000000001,1,13,16,1,33.0,0,7,285387,0,2,8,5,7,89.9,10177,6.63,7.75,81,0,39079.5,12300.0,0,0,8,0,16
323,7271,1,10,1996,392460.0,60,6541.0,2,678.0,143,14.6,12882.523076923088,58870.0,58855.4,900.0,57131.740559440565,115913.4,115013.4,81754.47337278113,1,46,97,2,16.0,1,1,107870,84,29,6,1,6,58.0,8754,3.83,4.31,137,0,53245.1,14.6,22,0,2,18,79
324,7284,1,09,1993,52788.0,12,4399.0,2,244.0,43,14.6,3714.8976744186057,17920.0,17905.4,1000.0,22198.179069767448,41469.1,40469.1,19967.575000000004,1,21,22,1,21.0,0,2,58796,22,16,7,1,5,51.9,9045,3.13,3.6,124,0,21029.0,1900.0,0,0,14,8,14
325,7304,1,10,1995,419880.0,60,6998.0,1,156.0,18,39.0,24426.47222222222,64800.0,64761.0,200.0,59352.83333333334,104039.9,103839.9,87935.29999999999,1,11,7,2,50.0,1,0,1204953,0,0,0,1,1,100.0,12541,0.29,0.43,167,0,24704.4,300.0,5,0,2,1,6
326,7305,1,08,1996,54024.0,12,4502.0,2,675.0,147,14.6,8708.722448979586,40521.0,40506.4,1000.0,36480.185034013586,81705.8,80705.8,57407.27354260086,1,45,102,1,28.0,0,6,117897,139,28,5,1,6,53.8,8814,4.76,5.74,107,1,25682.6,14.6,22,2,1,34,66
327,7308,1,12,1996,129408.0,24,5392.0,2,440.0,107,14.6,4550.302803738316,24212.0,24197.4,1000.0,30869.781308411246,56055.6,55055.6,34530.66666666665,1,29,78,1,34.0,1,7,106054,38,25,6,2,6,63.1,8110,5.77,6.55,109,0,24199.5,4780.0,0,0,16,40,38
